(RefSeq)	lcl|NC_035433.2_cds_XP_021969165.1_944	100.000	816	0	0	1	816	1	816	0.0	1507
(RefSeq)	lcl|NC_035433.2_cds_XP_022033718.1_937	87.237	713	73	5	120	814	129	841	0.0	797
(RefSeq)	lcl|NC_035438.2_cds_XP_021970137.1_23158	100.000	1470	0	0	1	1470	1	1470	0.0	2715
(RefSeq)	lcl|NC_035435.2_cds_XP_022029028.1_11192	75.017	1485	321	33	1	1457	1	1463	0.0	641
(RefSeq)	lcl|NC_035435.2_cds_XP_022029027.1_11193	77.027	222	45	6	1239	1457	1365	1583	1.29e-26	122
(RefSeq)	lcl|NC_035439.2_cds_XP_021972248.1_25310	100.000	1101	0	0	1	1101	1	1101	0.0	2034
(RefSeq)	lcl|NC_035439.2_cds_XP_035831158.1_27799	100.000	2223	0	0	1	2223	1	2223	0.0	4106
(RefSeq)	lcl|NC_035439.2_cds_XP_021973422.1_27798	100.000	2223	0	0	1	2223	1	2223	0.0	4106
(RefSeq)	lcl|NC_035446.2_cds_XP_022005842.1_59256	90.562	2225	206	4	1	2223	1	2223	0.0	2942
(RefSeq)	lcl|NC_035437.2_cds_XP_035846610.1_20010	90.831	818	75	0	606	1423	99	916	0.0	1096
(RefSeq)	lcl|NC_035437.2_cds_XP_035846609.1_20009	90.831	818	75	0	606	1423	99	916	0.0	1096
(RefSeq)	lcl|NC_035437.2_cds_XP_035846608.1_20008	90.831	818	75	0	606	1423	99	916	0.0	1096
(RefSeq)	lcl|NC_035437.2_cds_XP_035846612.1_20012	90.759	790	73	0	606	1395	99	888	0.0	1055
(RefSeq)	lcl|NC_035437.2_cds_XP_035846611.1_20011	90.759	790	73	0	606	1395	99	888	0.0	1055
(RefSeq)	lcl|NC_035437.2_cds_XP_035846615.1_20015	90.371	727	70	0	697	1423	1	727	0.0	955
(RefSeq)	lcl|NC_035437.2_cds_XP_035846614.1_20014	90.371	727	70	0	697	1423	1	727	0.0	955
(RefSeq)	lcl|NC_035437.2_cds_XP_035846613.1_20013	90.371	727	70	0	697	1423	1	727	0.0	955
(RefSeq)	lcl|NC_035434.2_cds_XP_035841493.1_7241	90.328	548	53	0	573	1120	27	574	0.0	719
(RefSeq)	lcl|NC_035434.2_cds_XP_035841490.1_7240	90.328	548	53	0	573	1120	27	574	0.0	719
(RefSeq)	lcl|NC_035434.2_cds_XP_035841482.1_7265	90.311	547	53	0	574	1120	76	622	0.0	717
(RefSeq)	lcl|NC_035434.2_cds_XP_035841480.1_7264	90.311	547	53	0	574	1120	76	622	0.0	717
(RefSeq)	lcl|NC_035434.2_cds_XP_035841479.1_7263	90.311	547	53	0	574	1120	76	622	0.0	717
(RefSeq)	lcl|NC_035434.2_cds_XP_035841476.1_7262	90.311	547	53	0	574	1120	76	622	0.0	717
(RefSeq)	lcl|NC_035434.2_cds_XP_035841474.1_7261	90.311	547	53	0	574	1120	76	622	0.0	717
(RefSeq)	lcl|NC_035434.2_cds_XP_035841473.1_7260	90.311	547	53	0	574	1120	76	622	0.0	717
(RefSeq)	lcl|NC_035434.2_cds_XP_035841471.1_7259	90.311	547	53	0	574	1120	76	622	0.0	717
(RefSeq)	lcl|NC_035434.2_cds_XP_035841470.1_7258	90.311	547	53	0	574	1120	76	622	0.0	717
(RefSeq)	lcl|NC_035434.2_cds_XP_035841467.1_7257	90.311	547	53	0	574	1120	76	622	0.0	717
(RefSeq)	lcl|NC_035434.2_cds_XP_035841466.1_7256	90.311	547	53	0	574	1120	76	622	0.0	717
(RefSeq)	lcl|NC_035434.2_cds_XP_035841465.1_7255	90.311	547	53	0	574	1120	76	622	0.0	717
(RefSeq)	lcl|NC_035434.2_cds_XP_035841463.1_7254	90.311	547	53	0	574	1120	76	622	0.0	717
(RefSeq)	lcl|NC_035434.2_cds_XP_035841459.1_7253	90.311	547	53	0	574	1120	76	622	0.0	717
(RefSeq)	lcl|NC_035434.2_cds_XP_035841458.1_7252	90.311	547	53	0	574	1120	76	622	0.0	717
(RefSeq)	lcl|NC_035434.2_cds_XP_035841454.1_7251	90.311	547	53	0	574	1120	76	622	0.0	717
(RefSeq)	lcl|NC_035434.2_cds_XP_035841453.1_7250	90.311	547	53	0	574	1120	76	622	0.0	717
(RefSeq)	lcl|NC_035434.2_cds_XP_035841451.1_7249	90.311	547	53	0	574	1120	76	622	0.0	717
(RefSeq)	lcl|NC_035434.2_cds_XP_035841448.1_7248	90.311	547	53	0	574	1120	76	622	0.0	717
(RefSeq)	lcl|NC_035434.2_cds_XP_035841446.1_7247	90.311	547	53	0	574	1120	76	622	0.0	717
(RefSeq)	lcl|NC_035434.2_cds_XP_035841445.1_7246	90.311	547	53	0	574	1120	76	622	0.0	717
(RefSeq)	lcl|NC_035434.2_cds_XP_035841444.1_7245	90.311	547	53	0	574	1120	76	622	0.0	717
(RefSeq)	lcl|NC_035434.2_cds_XP_035841441.1_7244	90.311	547	53	0	574	1120	76	622	0.0	717
(RefSeq)	lcl|NC_035434.2_cds_XP_035841489.1_7243	90.347	518	50	0	574	1091	76	593	0.0	680
(RefSeq)	lcl|NC_035434.2_cds_XP_035841483.1_7242	90.347	518	50	0	574	1091	76	593	0.0	680
(RefSeq)	lcl|NC_035434.2_cds_XP_035835285.1_4464	89.443	521	52	2	574	1091	76	596	0.0	654
(RefSeq)	lcl|NC_035436.2_cds_XP_035844871.1_14287	91.221	262	23	0	829	1090	25	286	4.93e-97	357
(RefSeq)	lcl|NC_035436.2_cds_XP_021999719.1_14286	91.221	262	23	0	829	1090	25	286	4.93e-97	357
(RefSeq)	lcl|NC_035444.2_cds_XP_035836903.1_49990	89.401	217	23	0	1118	1334	2	218	5.11e-72	274
(RefSeq)	lcl|NC_035444.2_cds_XP_035836904.1_49991	89.302	215	23	0	1118	1332	2	216	6.60e-71	270
(RefSeq)	lcl|NC_035439.2_cds_XP_021973555.1_28010	100.000	1296	0	0	1	1296	1	1296	0.0	2394
(RefSeq)	lcl|NC_035440.2_cds_XP_021976311.1_29266	100.000	819	0	0	1	819	1	819	0.0	1513
(RefSeq)	lcl|NC_035440.2_cds_XP_021976312.1_29265	98.413	819	13	0	1	819	1	819	0.0	1441
(RefSeq)	lcl|NC_035440.2_cds_XP_021976312.1_29265	100.000	819	0	0	1	819	1	819	0.0	1513
(RefSeq)	lcl|NC_035440.2_cds_XP_021976311.1_29266	98.413	819	13	0	1	819	1	819	0.0	1441
(RefSeq)	lcl|NC_035440.2_cds_XP_021976315.1_29259	100.000	1002	0	0	1	1002	1	1002	0.0	1851
(RefSeq)	lcl|NC_035440.2_cds_XP_021976316.1_29261	97.605	1002	0	1	1	1002	1	978	0.0	1696
(RefSeq)	lcl|NC_035440.2_cds_XP_021976317.1_29260	100.000	559	0	0	1	559	1	559	0.0	1033
(RefSeq)	lcl|NC_035440.2_cds_XP_021976317.1_29260	100.000	409	0	0	594	1002	558	966	0.0	756
(RefSeq)	lcl|NC_035440.2_cds_XP_035832279.1_29262	95.707	559	0	1	1	559	1	535	0.0	878
(RefSeq)	lcl|NC_035440.2_cds_XP_035832279.1_29262	100.000	409	0	0	594	1002	534	942	0.0	756
(RefSeq)	lcl|NC_035440.2_cds_XP_021976340.1_29292	100.000	999	0	0	1	999	1	999	0.0	1845
(RefSeq)	lcl|NC_035440.2_cds_XP_021976342.1_29295	97.566	493	9	1	46	538	1	490	0.0	841
(RefSeq)	lcl|NC_035440.2_cds_XP_021976342.1_29295	96.795	468	12	1	535	999	550	1017	0.0	778
(RefSeq)	lcl|NC_035442.2_cds_XP_035834415.1_40090	88.598	535	57	3	5	538	16	547	0.0	647
(RefSeq)	lcl|NC_035442.2_cds_XP_035834415.1_40090	90.323	465	36	5	535	999	607	1062	9.14e-171	601
(RefSeq)	lcl|NC_035442.2_cds_XP_021988673.1_40092	89.655	493	48	2	46	538	1	490	5.43e-178	625
(RefSeq)	lcl|NC_035442.2_cds_XP_021988673.1_40092	90.323	465	36	5	535	999	550	1005	9.14e-171	601
(RefSeq)	lcl|NC_035442.2_cds_XP_021988672.1_40091	89.655	493	48	2	46	538	1	490	5.43e-178	625
(RefSeq)	lcl|NC_035442.2_cds_XP_021988672.1_40091	90.323	465	36	5	535	999	550	1005	9.14e-171	601
(RefSeq)	lcl|NC_035440.2_cds_XP_021976342.1_29295	100.000	1017	0	0	1	1017	1	1017	0.0	1879
(RefSeq)	lcl|NC_035442.2_cds_XP_021988673.1_40092	90.757	1017	82	2	1	1017	1	1005	0.0	1347
(RefSeq)	lcl|NC_035442.2_cds_XP_021988672.1_40091	90.757	1017	82	2	1	1017	1	1005	0.0	1347
(RefSeq)	lcl|NC_035442.2_cds_XP_035834415.1_40090	90.757	1017	82	2	1	1017	58	1062	0.0	1347
(RefSeq)	lcl|NC_035440.2_cds_XP_021976340.1_29292	97.566	493	9	1	1	490	46	538	0.0	841
(RefSeq)	lcl|NC_035440.2_cds_XP_021976340.1_29292	96.795	468	12	1	550	1017	535	999	0.0	778
(RefSeq)	lcl|NC_035440.2_cds_XP_021976598.1_29577	100.000	1464	0	0	1	1464	1	1464	0.0	2704
(RefSeq)	lcl|NC_035435.2_cds_XP_021976748.1_9892	100.000	1458	0	0	1	1458	1	1458	0.0	2693
(RefSeq)	lcl|NC_035446.2_cds_XP_022006535.1_59885	88.952	1240	137	0	219	1458	111	1350	0.0	1531
(RefSeq)	lcl|NC_035440.2_cds_XP_021976766.1_29786	100.000	1773	0	0	1	1773	1	1773	0.0	3275
(RefSeq)	lcl|NC_035448.2_cds_XP_021981154.1_67746	81.418	1227	224	3	486	1710	471	1695	0.0	1000
(RefSeq)	lcl|NC_035440.2_cds_XP_021977909.1_31494	100.000	807	0	0	1	807	1	807	0.0	1491
(RefSeq)	lcl|NC_035440.2_cds_XP_021977910.1_31499	100.000	729	0	0	1	729	1	729	0.0	1347
(RefSeq)	lcl|NC_035449.2_cds_XP_022021682.1_74426	94.376	729	41	0	1	729	1	729	0.0	1120
(RefSeq)	lcl|NC_035440.2_cds_XP_021978159.1_31905	100.000	1149	0	0	1	1149	1	1149	0.0	2122
(RefSeq)	lcl|NC_035437.2_cds_XP_022039590.2_21130	88.964	1042	113	2	108	1149	74	1113	0.0	1286
(RefSeq)	lcl|NC_035435.2_cds_XP_022028419.1_10146	92.405	79	6	0	352	430	13	91	6.03e-24	113
(RefSeq)	lcl|NC_035435.2_cds_XP_022028418.1_10145	92.405	79	6	0	352	430	82	160	6.03e-24	113
(RefSeq)	lcl|NC_035434.2_cds_XP_035840375.1_6593	93.151	73	5	0	352	424	157	229	2.80e-22	108
(RefSeq)	lcl|NC_035434.2_cds_XP_022023378.2_6592	93.151	73	5	0	352	424	157	229	2.80e-22	108
(RefSeq)	lcl|NC_035433.2_cds_XP_035833435.1_1759	93.151	73	5	0	352	424	157	229	2.80e-22	108
(RefSeq)	lcl|NC_035433.2_cds_XP_021974471.2_1758	93.151	73	5	0	352	424	157	229	2.80e-22	108
(RefSeq)	lcl|NC_035440.2_cds_XP_021978531.1_32473	100.000	1386	0	0	1	1386	1	1386	0.0	2560
(RefSeq)	lcl|NC_035437.2_cds_XP_022039152.1_20817	81.662	1396	239	12	1	1386	1	1389	0.0	1144
(RefSeq)	lcl|NC_035440.2_cds_XP_021978584.1_32999	100.000	660	0	0	1	660	1	660	0.0	1219
(RefSeq)	lcl|NC_035440.2_cds_XP_021978583.1_32998	100.000	660	0	0	1	660	1	660	0.0	1219
(RefSeq)	lcl|NC_035440.2_cds_XP_021978582.1_32997	100.000	660	0	0	1	660	1	660	0.0	1219
(RefSeq)	lcl|NC_035440.2_cds_XP_021978581.1_32996	100.000	660	0	0	1	660	1	660	0.0	1219
(RefSeq)	lcl|NC_035440.2_cds_XP_035832136.1_33005	100.000	587	0	0	74	660	5	591	0.0	1085
(RefSeq)	lcl|NC_035440.2_cds_XP_035832135.1_33004	100.000	587	0	0	74	660	5	591	0.0	1085
(RefSeq)	lcl|NC_035440.2_cds_XP_021978589.1_33003	100.000	587	0	0	74	660	5	591	0.0	1085
(RefSeq)	lcl|NC_035440.2_cds_XP_021978587.1_33002	100.000	587	0	0	74	660	5	591	0.0	1085
(RefSeq)	lcl|NC_035440.2_cds_XP_021978586.1_33001	99.815	541	0	1	120	660	70	609	0.0	992
(RefSeq)	lcl|NC_035440.2_cds_XP_021978586.1_33001	100.000	76	0	0	1	76	1	76	1.56e-32	141
(RefSeq)	lcl|NC_035440.2_cds_XP_021978585.1_33000	99.815	541	0	1	120	660	70	609	0.0	992
(RefSeq)	lcl|NC_035440.2_cds_XP_021978585.1_33000	100.000	76	0	0	1	76	1	76	1.56e-32	141
(RefSeq)	lcl|NC_035441.2_cds_XP_021978852.1_35384	100.000	1779	0	0	1	1779	1	1779	0.0	3286
(RefSeq)	lcl|NC_035441.2_cds_XP_021982490.1_35394	83.483	1671	244	14	109	1778	148	1787	0.0	1528
(RefSeq)	lcl|NC_035441.2_cds_XP_035832926.1_35560	83.272	1620	246	17	132	1743	153	1755	0.0	1467
(RefSeq)	lcl|NC_035441.2_cds_XP_035832914.1_35393	85.118	1270	180	5	476	1745	347	1607	0.0	1290
(RefSeq)	lcl|NC_035441.2_cds_XP_035832926.1_35560	99.831	1779	0	1	1	1779	1	1776	0.0	3265
(RefSeq)	lcl|NC_035441.2_cds_XP_021978852.1_35384	83.354	1622	244	17	153	1758	132	1743	0.0	1478
(RefSeq)	lcl|NC_035441.2_cds_XP_021982490.1_35394	81.219	1624	256	30	149	1758	164	1752	0.0	1264
(RefSeq)	lcl|NC_035441.2_cds_XP_035832914.1_35393	81.604	1272	220	9	488	1758	347	1605	0.0	1040
(RefSeq)	lcl|NC_035448.2_cds_XP_021981154.1_67746	100.000	1719	0	0	1	1719	1	1719	0.0	3175
(RefSeq)	lcl|NC_035440.2_cds_XP_021976766.1_29786	81.433	1228	222	5	471	1695	486	1710	0.0	1000
(RefSeq)	lcl|NC_035435.2_cds_XP_021981854.1_8917	100.000	918	0	0	1	918	1	918	0.0	1696
(RefSeq)	lcl|NC_035437.2_cds_XP_022038869.1_20174	93.608	923	40	11	1	918	1	909	0.0	1360
(RefSeq)	lcl|NC_035435.2_cds_XP_022028005.2_9027	98.000	400	8	0	244	643	10	409	0.0	695
(RefSeq)	lcl|NC_035443.2_cds_XP_035836025.1_45995	95.652	161	7	0	413	573	200	360	5.81e-68	259
(RefSeq)	lcl|NC_035441.2_cds_XP_035832914.1_35393	100.000	1626	0	0	1	1626	1	1626	0.0	3003
(RefSeq)	lcl|NC_035441.2_cds_XP_021978852.1_35384	85.118	1270	180	5	347	1607	476	1745	0.0	1290
(RefSeq)	lcl|NC_035441.2_cds_XP_021982490.1_35394	84.579	1284	163	19	348	1618	504	1765	0.0	1242
(RefSeq)	lcl|NC_035441.2_cds_XP_035832926.1_35560	81.604	1272	220	9	347	1605	485	1755	0.0	1040
(RefSeq)	lcl|NC_035441.2_cds_XP_021982490.1_35394	100.000	1788	0	0	1	1788	1	1788	0.0	3302
(RefSeq)	lcl|NC_035441.2_cds_XP_021978852.1_35384	83.503	1673	240	17	148	1787	109	1778	0.0	1528
(RefSeq)	lcl|NC_035441.2_cds_XP_035832926.1_35560	81.331	1623	253	30	164	1752	149	1755	0.0	1273
(RefSeq)	lcl|NC_035441.2_cds_XP_035832914.1_35393	84.579	1284	163	19	504	1765	348	1618	0.0	1242
(RefSeq)	lcl|NC_035441.2_cds_XP_021982603.1_35472	100.000	888	0	0	1	888	1	888	0.0	1640
(RefSeq)	lcl|NC_035441.2_cds_XP_021982756.1_35618	100.000	1053	0	0	1	1053	1	1053	0.0	1945
(RefSeq)	lcl|NC_035441.2_cds_XP_021982760.1_35619	100.000	852	0	0	202	1053	1	852	0.0	1574
(RefSeq)	lcl|NC_035441.2_cds_XP_021982758.1_35614	96.853	858	21	2	202	1053	1	858	0.0	1430
(RefSeq)	lcl|NC_035441.2_cds_XP_021982757.1_35613	96.853	858	21	2	202	1053	1	858	0.0	1430
(RefSeq)	lcl|NC_035446.2_cds_XP_022009787.1_58011	82.443	262	46	0	792	1053	714	975	5.25e-59	230
(RefSeq)	lcl|NC_035441.2_cds_XP_021982774.1_35653	100.000	1164	0	0	1	1164	1	1164	0.0	2150
(RefSeq)	lcl|NC_035441.2_cds_XP_021984033.1_37477	100.000	1425	0	0	1	1425	1	1425	0.0	2632
(RefSeq)	lcl|NC_035437.2_cds_XP_022038908.1_20705	84.980	1245	181	3	138	1382	129	1367	0.0	1258
(RefSeq)	lcl|NC_035437.2_cds_XP_022040707.2_18659	98.013	151	3	0	556	706	25	175	7.04e-69	263
(RefSeq)	lcl|NC_035441.2_cds_XP_021984188.1_37671	100.000	1377	0	0	1	1377	1	1377	0.0	2543
(RefSeq)	lcl|NC_035435.2_cds_XP_022029078.1_11128	95.770	1371	58	0	1	1371	1	1371	0.0	2211
(RefSeq)	lcl|NC_035444.2_cds_XP_021987573.1_50863	100.000	1257	0	0	1	1257	1	1257	0.0	2322
(RefSeq)	lcl|NC_035446.2_cds_XP_022005787.1_58765	80.974	1109	204	7	150	1255	79	1183	0.0	872
(RefSeq)	lcl|NC_035442.2_cds_XP_021988047.1_39792	100.000	732	0	0	1	732	1	732	0.0	1352
(RefSeq)	lcl|NC_035439.2_cds_XP_035831570.1_26152	80.540	704	133	4	25	726	16	717	5.28e-152	538
(RefSeq)	lcl|NC_035439.2_cds_XP_035831569.1_26151	80.540	704	133	4	25	726	16	717	5.28e-152	538
(RefSeq)	lcl|NC_035439.2_cds_XP_035831568.1_26150	80.540	704	133	4	25	726	16	717	5.28e-152	538
(RefSeq)	lcl|NC_035439.2_cds_XP_022036963.1_26149	80.540	704	133	4	25	726	28	729	5.28e-152	538
(RefSeq)	lcl|NC_035439.2_cds_XP_035831567.1_26148	80.540	704	133	4	25	726	190	891	5.28e-152	538
(RefSeq)	lcl|NC_035439.2_cds_XP_035831566.1_26147	80.540	704	133	4	25	726	190	891	5.28e-152	538
(RefSeq)	lcl|NC_035439.2_cds_XP_035831565.1_26146	80.540	704	133	4	25	726	190	891	5.28e-152	538
(RefSeq)	lcl|NC_035439.2_cds_XP_035831564.1_26145	80.540	704	133	4	25	726	190	891	5.28e-152	538
(RefSeq)	lcl|NC_035439.2_cds_XP_035831563.1_26144	80.540	704	133	4	25	726	190	891	5.28e-152	538
(RefSeq)	lcl|NC_035439.2_cds_XP_035831562.1_26143	80.540	704	133	4	25	726	190	891	5.28e-152	538
(RefSeq)	lcl|NC_035439.2_cds_XP_035831561.1_26142	80.540	704	133	4	25	726	190	891	5.28e-152	538
(RefSeq)	lcl|NC_035439.2_cds_XP_035831560.1_26141	80.540	704	133	4	25	726	190	891	5.28e-152	538
(RefSeq)	lcl|NC_035439.2_cds_XP_035831559.1_26140	80.540	704	133	4	25	726	190	891	5.28e-152	538
(RefSeq)	lcl|NC_035442.2_cds_XP_021988673.1_40092	100.000	1005	0	0	1	1005	1	1005	0.0	1857
(RefSeq)	lcl|NC_035442.2_cds_XP_021988672.1_40091	100.000	1005	0	0	1	1005	1	1005	0.0	1857
(RefSeq)	lcl|NC_035442.2_cds_XP_035834415.1_40090	100.000	1005	0	0	1	1005	58	1062	0.0	1857
(RefSeq)	lcl|NC_035440.2_cds_XP_021976342.1_29295	90.757	1017	82	2	1	1005	1	1017	0.0	1347
(RefSeq)	lcl|NC_035440.2_cds_XP_021976340.1_29292	89.655	493	48	2	1	490	46	538	5.46e-178	625
(RefSeq)	lcl|NC_035440.2_cds_XP_021976340.1_29292	90.323	465	36	5	550	1005	535	999	9.20e-171	601
(RefSeq)	lcl|NC_035440.2_cds_XP_021989197.1_32842	100.000	2160	0	0	1	2160	1	2160	0.0	3989
(RefSeq)	lcl|NC_035440.2_cds_XP_021989198.1_32841	99.306	2160	0	1	1	2160	1	2145	0.0	3892
(RefSeq)	lcl|NC_035440.2_cds_XP_035832156.1_32844	100.000	1905	0	0	256	2160	1	1905	0.0	3518
(RefSeq)	lcl|NC_035440.2_cds_XP_035832157.1_32843	99.213	1905	0	1	256	2160	1	1890	0.0	3421
(RefSeq)	lcl|NC_035442.2_cds_XP_021989382.1_41173	100.000	1260	0	0	1	1260	1	1260	0.0	2327
(RefSeq)	lcl|NC_035442.2_cds_XP_021989383.1_41174	99.762	1260	0	1	1	1260	1	1257	0.0	2307
(RefSeq)	lcl|NC_035444.2_cds_XP_021998171.1_49495	85.255	1275	164	12	1	1260	4	1269	0.0	1291
(RefSeq)	lcl|NC_035442.2_cds_XP_021989529.1_41407	100.000	744	0	0	1	744	1	744	0.0	1375
(RefSeq)	lcl|NC_035442.2_cds_XP_021989528.1_41406	100.000	744	0	0	1	744	1	744	0.0	1375
(RefSeq)	lcl|NC_035442.2_cds_XP_021989527.1_41405	100.000	744	0	0	1	744	1	744	0.0	1375
(RefSeq)	lcl|NC_035446.2_cds_XP_035838676.1_58043	87.394	706	58	5	46	744	4	685	0.0	782
(RefSeq)	lcl|NC_035447.2_cds_XP_035839864.1_60935	91.975	162	13	0	152	313	149	310	1.32e-58	228
(RefSeq)	lcl|NC_035433.2_cds_XP_021990106.1_3770	100.000	948	0	0	1	948	1	948	0.0	1751
(RefSeq)	lcl|NC_035433.2_cds_XP_022002837.2_3760	97.782	947	21	0	1	947	1	947	0.0	1633
(RefSeq)	lcl|NC_035433.2_cds_XP_021990118.1_3789	95.987	947	23	1	1	947	1	932	0.0	1524
(RefSeq)	lcl|NC_035443.2_cds_XP_021993844.1_45456	93.249	948	25	10	1	948	1	909	0.0	1360
(RefSeq)	lcl|NC_035433.2_cds_XP_035831838.1_3759	97.674	731	17	0	217	947	40	770	0.0	1256
(RefSeq)	lcl|NC_035433.2_cds_XP_021990107.1_3771	99.852	677	0	1	272	948	84	759	0.0	1243
(RefSeq)	lcl|NC_035433.2_cds_XP_021990119.1_3790	97.337	676	17	1	272	947	84	758	0.0	1147
(RefSeq)	lcl|NC_035433.2_cds_XP_022002839.1_3761	97.337	676	17	1	272	947	84	758	0.0	1147
(RefSeq)	lcl|NC_035433.2_cds_XP_021990120.1_3787	96.750	677	21	1	272	948	6	681	0.0	1127
(RefSeq)	lcl|NC_035433.2_cds_XP_035831878.1_3792	99.501	601	3	0	1	601	1	601	0.0	1094
(RefSeq)	lcl|NC_035433.2_cds_XP_035831879.1_3793	98.913	276	3	0	1	276	1	276	1.51e-138	494
(RefSeq)	lcl|NC_035433.2_cds_XP_035831851.1_3772	94.419	215	12	0	460	674	139	353	1.26e-89	331
(RefSeq)	lcl|NC_035433.2_cds_XP_021990121.1_3762	91.333	150	13	0	600	749	189	338	7.94e-52	206
(RefSeq)	lcl|NC_035433.2_cds_XP_021990121.1_3762	89.796	98	7	1	178	272	67	164	8.22e-27	122
(RefSeq)	lcl|NC_035433.2_cds_XP_021986646.1_3754	91.964	112	9	0	650	761	176	287	2.25e-37	158
(RefSeq)	lcl|NC_035433.2_cds_XP_021986646.1_3754	95.604	91	4	0	182	272	29	119	4.88e-34	147
(RefSeq)	lcl|NC_035433.2_cds_XP_021986632.1_3750	93.478	92	6	0	180	271	27	118	2.94e-31	137
(RefSeq)	lcl|NC_035433.2_cds_XP_035831851.1_3772	100.000	534	0	0	1	534	1	534	0.0	987
(RefSeq)	lcl|NC_035433.2_cds_XP_021990107.1_3771	94.419	215	12	0	139	353	271	485	6.94e-90	331
(RefSeq)	lcl|NC_035433.2_cds_XP_021990106.1_3770	94.419	215	12	0	139	353	460	674	6.94e-90	331
(RefSeq)	lcl|NC_035443.2_cds_XP_021993844.1_45456	93.953	215	13	0	139	353	430	644	3.23e-88	326
(RefSeq)	lcl|NC_035433.2_cds_XP_022002839.1_3761	93.953	215	13	0	139	353	271	485	3.23e-88	326
(RefSeq)	lcl|NC_035433.2_cds_XP_022002839.1_3761	92.143	140	10	1	1	139	79	218	2.64e-49	196
(RefSeq)	lcl|NC_035433.2_cds_XP_022002837.2_3760	93.953	215	13	0	139	353	460	674	3.23e-88	326
(RefSeq)	lcl|NC_035433.2_cds_XP_022002837.2_3760	91.176	136	10	2	6	139	272	407	2.05e-45	183
(RefSeq)	lcl|NC_035433.2_cds_XP_035831838.1_3759	93.953	215	13	0	139	353	283	497	3.23e-88	326
(RefSeq)	lcl|NC_035433.2_cds_XP_035831838.1_3759	91.176	136	10	2	6	139	95	230	2.05e-45	183
(RefSeq)	lcl|NC_035433.2_cds_XP_021990119.1_3790	93.488	215	14	0	139	353	271	485	1.50e-86	320
(RefSeq)	lcl|NC_035433.2_cds_XP_021990119.1_3790	91.429	140	11	1	1	139	79	218	1.23e-47	191
(RefSeq)	lcl|NC_035433.2_cds_XP_021990118.1_3789	93.488	215	14	0	139	353	445	659	1.50e-86	320
(RefSeq)	lcl|NC_035433.2_cds_XP_021990118.1_3789	90.441	136	11	2	6	139	257	392	9.56e-44	178
(RefSeq)	lcl|NC_035433.2_cds_XP_021990120.1_3787	93.458	214	14	0	140	353	194	407	5.40e-86	318
(RefSeq)	lcl|NC_035433.2_cds_XP_035831878.1_3792	95.070	142	7	0	139	280	460	601	1.21e-57	224
(RefSeq)	lcl|NC_035433.2_cds_XP_021990118.1_3789	100.000	933	0	0	1	933	1	933	0.0	1724
(RefSeq)	lcl|NC_035433.2_cds_XP_022002837.2_3760	96.519	948	18	1	1	933	1	948	0.0	1554
(RefSeq)	lcl|NC_035433.2_cds_XP_021990106.1_3770	95.987	947	23	1	1	932	1	947	0.0	1524
(RefSeq)	lcl|NC_035433.2_cds_XP_035831838.1_3759	98.907	732	8	0	202	933	40	771	0.0	1308
(RefSeq)	lcl|NC_035443.2_cds_XP_021993844.1_45456	91.552	947	26	7	1	932	1	908	0.0	1256
(RefSeq)	lcl|NC_035433.2_cds_XP_021990119.1_3790	99.852	677	0	1	257	933	84	759	0.0	1243
(RefSeq)	lcl|NC_035433.2_cds_XP_022002839.1_3761	98.671	677	8	1	257	933	84	759	0.0	1199
(RefSeq)	lcl|NC_035433.2_cds_XP_021990107.1_3771	97.337	676	17	1	257	932	84	758	0.0	1147
(RefSeq)	lcl|NC_035433.2_cds_XP_021990120.1_3787	96.746	676	21	1	257	932	6	680	0.0	1125
(RefSeq)	lcl|NC_035433.2_cds_XP_035831878.1_3792	95.175	601	14	4	1	586	1	601	0.0	935
(RefSeq)	lcl|NC_035433.2_cds_XP_035831879.1_3793	92.391	276	6	4	1	261	1	276	4.35e-104	379
(RefSeq)	lcl|NC_035433.2_cds_XP_035831851.1_3772	93.488	215	14	0	445	659	139	353	2.67e-86	320
(RefSeq)	lcl|NC_035433.2_cds_XP_035831851.1_3772	90.441	136	11	2	257	392	6	139	1.70e-43	178
(RefSeq)	lcl|NC_035433.2_cds_XP_021990121.1_3762	91.026	156	14	0	585	740	189	344	1.68e-53	211
(RefSeq)	lcl|NC_035433.2_cds_XP_021990121.1_3762	89.796	98	7	1	163	257	67	164	8.09e-27	122
(RefSeq)	lcl|NC_035433.2_cds_XP_021986646.1_3754	89.844	128	10	3	627	753	169	294	1.71e-38	161
(RefSeq)	lcl|NC_035433.2_cds_XP_021986646.1_3754	93.407	91	6	0	167	257	29	119	1.04e-30	135
(RefSeq)	lcl|NC_035433.2_cds_XP_021986632.1_3750	91.304	92	8	0	165	256	27	118	6.25e-28	126
(RefSeq)	lcl|NC_035433.2_cds_XP_021990120.1_3787	100.000	681	0	0	1	681	1	681	0.0	1258
(RefSeq)	lcl|NC_035433.2_cds_XP_021990107.1_3771	96.916	681	21	0	1	681	79	759	0.0	1142
(RefSeq)	lcl|NC_035433.2_cds_XP_021990119.1_3790	96.912	680	21	0	1	680	79	758	0.0	1140
(RefSeq)	lcl|NC_035433.2_cds_XP_022002839.1_3761	96.765	680	22	0	1	680	79	758	0.0	1134
(RefSeq)	lcl|NC_035433.2_cds_XP_021990106.1_3770	96.750	677	21	1	6	681	272	948	0.0	1127
(RefSeq)	lcl|NC_035433.2_cds_XP_021990118.1_3789	96.746	676	21	1	6	680	257	932	0.0	1125
(RefSeq)	lcl|NC_035433.2_cds_XP_022002837.2_3760	96.598	676	22	1	6	680	272	947	0.0	1120
(RefSeq)	lcl|NC_035433.2_cds_XP_035831838.1_3759	96.598	676	22	1	6	680	95	770	0.0	1120
(RefSeq)	lcl|NC_035443.2_cds_XP_021993844.1_45456	90.251	677	26	11	6	681	272	909	0.0	848
(RefSeq)	lcl|NC_035433.2_cds_XP_035831878.1_3792	96.970	330	9	1	6	334	272	601	1.75e-156	553
(RefSeq)	lcl|NC_035433.2_cds_XP_035831851.1_3772	93.458	214	14	0	194	407	140	353	6.94e-86	318
(RefSeq)	lcl|NC_035433.2_cds_XP_021990121.1_3762	90.667	150	14	0	333	482	189	338	2.62e-50	200
(RefSeq)	lcl|NC_035433.2_cds_XP_021986646.1_3754	90.179	112	11	0	383	494	176	287	3.47e-34	147
(RefSeq)	lcl|NC_035443.2_cds_XP_021992958.1_43271	100.000	1227	0	0	1	1227	1	1227	0.0	2266
(RefSeq)	lcl|NC_035443.2_cds_XP_021993314.1_43933	100.000	648	0	0	1	648	1	648	0.0	1197
(RefSeq)	lcl|NC_035443.2_cds_XP_021993844.1_45456	100.000	909	0	0	1	909	1	909	0.0	1679
(RefSeq)	lcl|NC_035433.2_cds_XP_021990106.1_3770	93.249	948	25	10	1	909	1	948	0.0	1360
(RefSeq)	lcl|NC_035433.2_cds_XP_022002837.2_3760	92.925	947	28	3	1	908	1	947	0.0	1341
(RefSeq)	lcl|NC_035433.2_cds_XP_021990118.1_3789	91.552	947	26	7	1	908	1	932	0.0	1256
(RefSeq)	lcl|NC_035433.2_cds_XP_035831838.1_3759	92.066	731	19	3	217	908	40	770	0.0	992
(RefSeq)	lcl|NC_035433.2_cds_XP_021990119.1_3790	91.716	676	16	4	272	908	84	758	0.0	902
(RefSeq)	lcl|NC_035433.2_cds_XP_022002839.1_3761	91.272	676	19	4	272	908	84	758	0.0	885
(RefSeq)	lcl|NC_035433.2_cds_XP_021990107.1_3771	91.137	677	20	11	272	909	84	759	0.0	881
(RefSeq)	lcl|NC_035433.2_cds_XP_021990120.1_3787	90.251	677	26	11	272	909	6	681	0.0	848
(RefSeq)	lcl|NC_035433.2_cds_XP_035831878.1_3792	92.346	601	16	4	1	571	1	601	0.0	828
(RefSeq)	lcl|NC_035433.2_cds_XP_035831879.1_3793	97.826	276	6	0	1	276	1	276	1.46e-133	477
(RefSeq)	lcl|NC_035433.2_cds_XP_035831851.1_3772	93.953	215	13	0	430	644	139	353	5.59e-88	326
(RefSeq)	lcl|NC_035433.2_cds_XP_021990121.1_3762	91.333	150	13	0	570	719	189	338	7.60e-52	206
(RefSeq)	lcl|NC_035433.2_cds_XP_021990121.1_3762	89.796	98	7	1	178	272	67	164	7.88e-27	122
(RefSeq)	lcl|NC_035433.2_cds_XP_021986646.1_3754	91.667	120	8	2	620	738	176	294	1.29e-39	165
(RefSeq)	lcl|NC_035433.2_cds_XP_021986646.1_3754	95.604	91	4	0	182	272	29	119	4.67e-34	147
(RefSeq)	lcl|NC_035433.2_cds_XP_021986632.1_3750	93.478	92	6	0	180	271	27	118	2.81e-31	137
(RefSeq)	lcl|NC_035433.2_cds_XP_021986632.1_3750	88.571	105	10	2	635	738	152	255	6.09e-28	126
(RefSeq)	lcl|NC_035446.2_cds_XP_021993996.1_59636	100.000	1272	0	0	1	1272	1	1272	0.0	2350
(RefSeq)	lcl|NC_035439.2_cds_XP_021995529.1_26665	100.000	906	0	0	1	906	1	906	0.0	1674
(RefSeq)	lcl|NC_035444.2_cds_XP_021997767.1_50524	100.000	2157	0	0	1	2157	1	2157	0.0	3984
(RefSeq)	lcl|NC_035435.2_cds_XP_022017109.1_8513	73.518	1873	460	30	187	2042	213	2066	0.0	678
(RefSeq)	lcl|NC_035444.2_cds_XP_021998171.1_49495	100.000	1269	0	0	1	1269	1	1269	0.0	2344
(RefSeq)	lcl|NC_035442.2_cds_XP_021989382.1_41173	85.278	1277	160	16	4	1269	1	1260	0.0	1291
(RefSeq)	lcl|NC_035442.2_cds_XP_021989383.1_41174	85.278	1277	157	18	4	1269	1	1257	0.0	1288
(RefSeq)	lcl|NC_035444.2_cds_XP_021998516.1_49950	100.000	1086	0	0	1	1086	1	1086	0.0	2006
(RefSeq)	lcl|NC_035434.2_cds_XP_035841482.1_7265	100.000	633	0	0	1	633	1	633	0.0	1170
(RefSeq)	lcl|NC_035434.2_cds_XP_035841480.1_7264	100.000	633	0	0	1	633	1	633	0.0	1170
(RefSeq)	lcl|NC_035434.2_cds_XP_035841479.1_7263	100.000	633	0	0	1	633	1	633	0.0	1170
(RefSeq)	lcl|NC_035434.2_cds_XP_035841476.1_7262	100.000	633	0	0	1	633	1	633	0.0	1170
(RefSeq)	lcl|NC_035434.2_cds_XP_035841474.1_7261	100.000	633	0	0	1	633	1	633	0.0	1170
(RefSeq)	lcl|NC_035434.2_cds_XP_035841473.1_7260	100.000	633	0	0	1	633	1	633	0.0	1170
(RefSeq)	lcl|NC_035434.2_cds_XP_035841471.1_7259	100.000	633	0	0	1	633	1	633	0.0	1170
(RefSeq)	lcl|NC_035434.2_cds_XP_035841470.1_7258	100.000	633	0	0	1	633	1	633	0.0	1170
(RefSeq)	lcl|NC_035434.2_cds_XP_035841467.1_7257	100.000	633	0	0	1	633	1	633	0.0	1170
(RefSeq)	lcl|NC_035434.2_cds_XP_035841466.1_7256	100.000	633	0	0	1	633	1	633	0.0	1170
(RefSeq)	lcl|NC_035434.2_cds_XP_035841465.1_7255	100.000	633	0	0	1	633	1	633	0.0	1170
(RefSeq)	lcl|NC_035434.2_cds_XP_035841463.1_7254	100.000	633	0	0	1	633	1	633	0.0	1170
(RefSeq)	lcl|NC_035434.2_cds_XP_035841459.1_7253	100.000	633	0	0	1	633	1	633	0.0	1170
(RefSeq)	lcl|NC_035434.2_cds_XP_035841458.1_7252	100.000	633	0	0	1	633	1	633	0.0	1170
(RefSeq)	lcl|NC_035434.2_cds_XP_035841454.1_7251	100.000	633	0	0	1	633	1	633	0.0	1170
(RefSeq)	lcl|NC_035434.2_cds_XP_035841453.1_7250	100.000	633	0	0	1	633	1	633	0.0	1170
(RefSeq)	lcl|NC_035434.2_cds_XP_035841451.1_7249	100.000	633	0	0	1	633	1	633	0.0	1170
(RefSeq)	lcl|NC_035434.2_cds_XP_035841448.1_7248	100.000	633	0	0	1	633	1	633	0.0	1170
(RefSeq)	lcl|NC_035434.2_cds_XP_035841446.1_7247	100.000	633	0	0	1	633	1	633	0.0	1170
(RefSeq)	lcl|NC_035434.2_cds_XP_035841445.1_7246	100.000	633	0	0	1	633	1	633	0.0	1170
(RefSeq)	lcl|NC_035434.2_cds_XP_035841444.1_7245	100.000	633	0	0	1	633	1	633	0.0	1170
(RefSeq)	lcl|NC_035434.2_cds_XP_035841441.1_7244	100.000	633	0	0	1	633	1	633	0.0	1170
(RefSeq)	lcl|NC_035434.2_cds_XP_035841489.1_7243	100.000	593	0	0	1	593	1	593	0.0	1096
(RefSeq)	lcl|NC_035434.2_cds_XP_035841483.1_7242	100.000	593	0	0	1	593	1	593	0.0	1096
(RefSeq)	lcl|NC_035434.2_cds_XP_035835285.1_4464	98.826	596	4	1	1	593	1	596	0.0	1059
(RefSeq)	lcl|NC_035434.2_cds_XP_035841493.1_7241	100.000	558	0	0	76	633	28	585	0.0	1031
(RefSeq)	lcl|NC_035434.2_cds_XP_035841490.1_7240	100.000	558	0	0	76	633	28	585	0.0	1031
(RefSeq)	lcl|NC_035446.2_cds_XP_022005842.1_59256	96.709	547	18	0	76	622	574	1120	0.0	911
(RefSeq)	lcl|NC_035437.2_cds_XP_035846612.1_20012	98.058	515	10	0	108	622	99	613	0.0	896
(RefSeq)	lcl|NC_035437.2_cds_XP_035846611.1_20011	98.058	515	10	0	108	622	99	613	0.0	896
(RefSeq)	lcl|NC_035437.2_cds_XP_035846610.1_20010	98.058	515	10	0	108	622	99	613	0.0	896
(RefSeq)	lcl|NC_035437.2_cds_XP_035846609.1_20009	98.058	515	10	0	108	622	99	613	0.0	896
(RefSeq)	lcl|NC_035437.2_cds_XP_035846608.1_20008	98.058	515	10	0	108	622	99	613	0.0	896
(RefSeq)	lcl|NC_035437.2_cds_XP_035846615.1_20015	98.113	424	8	0	199	622	1	424	0.0	739
(RefSeq)	lcl|NC_035437.2_cds_XP_035846614.1_20014	98.113	424	8	0	199	622	1	424	0.0	739
(RefSeq)	lcl|NC_035437.2_cds_XP_035846613.1_20013	98.113	424	8	0	199	622	1	424	0.0	739
(RefSeq)	lcl|NC_035439.2_cds_XP_035831158.1_27799	90.311	547	53	0	76	622	574	1120	0.0	717
(RefSeq)	lcl|NC_035439.2_cds_XP_021973422.1_27798	90.311	547	53	0	76	622	574	1120	0.0	717
(RefSeq)	lcl|NC_035436.2_cds_XP_035844871.1_14287	98.859	263	3	0	330	592	24	286	1.68e-131	470
(RefSeq)	lcl|NC_035436.2_cds_XP_021999719.1_14286	98.859	263	3	0	330	592	24	286	1.68e-131	470
(RefSeq)	lcl|NC_035433.2_cds_XP_022002837.2_3760	100.000	948	0	0	1	948	1	948	0.0	1751
(RefSeq)	lcl|NC_035433.2_cds_XP_021990106.1_3770	97.782	947	21	0	1	947	1	947	0.0	1633
(RefSeq)	lcl|NC_035433.2_cds_XP_021990118.1_3789	96.519	948	18	1	1	948	1	933	0.0	1554
(RefSeq)	lcl|NC_035433.2_cds_XP_035831838.1_3759	100.000	732	0	0	217	948	40	771	0.0	1352
(RefSeq)	lcl|NC_035443.2_cds_XP_021993844.1_45456	92.925	947	28	3	1	947	1	908	0.0	1341
(RefSeq)	lcl|NC_035433.2_cds_XP_022002839.1_3761	99.852	677	0	1	272	948	84	759	0.0	1243
(RefSeq)	lcl|NC_035433.2_cds_XP_021990119.1_3790	98.671	677	8	1	272	948	84	759	0.0	1199
(RefSeq)	lcl|NC_035433.2_cds_XP_021990107.1_3771	97.337	676	17	1	272	947	84	758	0.0	1147
(RefSeq)	lcl|NC_035433.2_cds_XP_021990120.1_3787	96.598	676	22	1	272	947	6	680	0.0	1120
(RefSeq)	lcl|NC_035433.2_cds_XP_035831878.1_3792	97.338	601	16	0	1	601	1	601	0.0	1022
(RefSeq)	lcl|NC_035433.2_cds_XP_035831879.1_3793	97.464	276	7	0	1	276	1	276	7.09e-132	472
(RefSeq)	lcl|NC_035433.2_cds_XP_035831851.1_3772	93.953	215	13	0	460	674	139	353	5.84e-88	326
(RefSeq)	lcl|NC_035433.2_cds_XP_035831851.1_3772	91.176	136	10	2	272	407	6	139	3.72e-45	183
(RefSeq)	lcl|NC_035433.2_cds_XP_021990121.1_3762	90.385	156	15	0	600	755	189	344	7.94e-52	206
(RefSeq)	lcl|NC_035433.2_cds_XP_021990121.1_3762	92.857	84	4	2	190	272	82	164	2.96e-26	121
(RefSeq)	lcl|NC_035433.2_cds_XP_021986646.1_3754	91.071	112	10	0	650	761	176	287	1.05e-35	152
(RefSeq)	lcl|NC_035433.2_cds_XP_021986646.1_3754	94.505	91	5	0	182	272	29	119	2.27e-32	141
(RefSeq)	lcl|NC_035433.2_cds_XP_021986632.1_3750	92.391	92	7	0	180	271	27	118	1.37e-29	132
(RefSeq)	lcl|NC_035446.2_cds_XP_022005787.1_58765	100.000	1185	0	0	1	1185	1	1185	0.0	2189
(RefSeq)	lcl|NC_035444.2_cds_XP_021987573.1_50863	80.974	1109	204	7	79	1183	150	1255	0.0	872
(RefSeq)	lcl|NC_035446.2_cds_XP_022005842.1_59256	100.000	2223	0	0	1	2223	1	2223	0.0	4106
(RefSeq)	lcl|NC_035439.2_cds_XP_035831158.1_27799	90.562	2225	206	4	1	2223	1	2223	0.0	2942
(RefSeq)	lcl|NC_035439.2_cds_XP_021973422.1_27798	90.562	2225	206	4	1	2223	1	2223	0.0	2942
(RefSeq)	lcl|NC_035437.2_cds_XP_035846610.1_20010	97.433	818	21	0	606	1423	99	916	0.0	1395
(RefSeq)	lcl|NC_035437.2_cds_XP_035846609.1_20009	97.433	818	21	0	606	1423	99	916	0.0	1395
(RefSeq)	lcl|NC_035437.2_cds_XP_035846608.1_20008	97.433	818	21	0	606	1423	99	916	0.0	1395
(RefSeq)	lcl|NC_035437.2_cds_XP_035846612.1_20012	97.468	790	20	0	606	1395	99	888	0.0	1349
(RefSeq)	lcl|NC_035437.2_cds_XP_035846611.1_20011	97.468	790	20	0	606	1395	99	888	0.0	1349
(RefSeq)	lcl|NC_035437.2_cds_XP_035846615.1_20015	97.799	727	16	0	697	1423	1	727	0.0	1254
(RefSeq)	lcl|NC_035437.2_cds_XP_035846614.1_20014	97.799	727	16	0	697	1423	1	727	0.0	1254
(RefSeq)	lcl|NC_035437.2_cds_XP_035846613.1_20013	97.799	727	16	0	697	1423	1	727	0.0	1254
(RefSeq)	lcl|NC_035434.2_cds_XP_035841493.1_7241	96.715	548	18	0	573	1120	27	574	0.0	913
(RefSeq)	lcl|NC_035434.2_cds_XP_035841490.1_7240	96.715	548	18	0	573	1120	27	574	0.0	913
(RefSeq)	lcl|NC_035434.2_cds_XP_035841482.1_7265	96.709	547	18	0	574	1120	76	622	0.0	911
(RefSeq)	lcl|NC_035434.2_cds_XP_035841480.1_7264	96.709	547	18	0	574	1120	76	622	0.0	911
(RefSeq)	lcl|NC_035434.2_cds_XP_035841479.1_7263	96.709	547	18	0	574	1120	76	622	0.0	911
(RefSeq)	lcl|NC_035434.2_cds_XP_035841476.1_7262	96.709	547	18	0	574	1120	76	622	0.0	911
(RefSeq)	lcl|NC_035434.2_cds_XP_035841474.1_7261	96.709	547	18	0	574	1120	76	622	0.0	911
(RefSeq)	lcl|NC_035434.2_cds_XP_035841473.1_7260	96.709	547	18	0	574	1120	76	622	0.0	911
(RefSeq)	lcl|NC_035434.2_cds_XP_035841471.1_7259	96.709	547	18	0	574	1120	76	622	0.0	911
(RefSeq)	lcl|NC_035434.2_cds_XP_035841470.1_7258	96.709	547	18	0	574	1120	76	622	0.0	911
(RefSeq)	lcl|NC_035434.2_cds_XP_035841467.1_7257	96.709	547	18	0	574	1120	76	622	0.0	911
(RefSeq)	lcl|NC_035434.2_cds_XP_035841466.1_7256	96.709	547	18	0	574	1120	76	622	0.0	911
(RefSeq)	lcl|NC_035434.2_cds_XP_035841465.1_7255	96.709	547	18	0	574	1120	76	622	0.0	911
(RefSeq)	lcl|NC_035434.2_cds_XP_035841463.1_7254	96.709	547	18	0	574	1120	76	622	0.0	911
(RefSeq)	lcl|NC_035434.2_cds_XP_035841459.1_7253	96.709	547	18	0	574	1120	76	622	0.0	911
(RefSeq)	lcl|NC_035434.2_cds_XP_035841458.1_7252	96.709	547	18	0	574	1120	76	622	0.0	911
(RefSeq)	lcl|NC_035434.2_cds_XP_035841454.1_7251	96.709	547	18	0	574	1120	76	622	0.0	911
(RefSeq)	lcl|NC_035434.2_cds_XP_035841453.1_7250	96.709	547	18	0	574	1120	76	622	0.0	911
(RefSeq)	lcl|NC_035434.2_cds_XP_035841451.1_7249	96.709	547	18	0	574	1120	76	622	0.0	911
(RefSeq)	lcl|NC_035434.2_cds_XP_035841448.1_7248	96.709	547	18	0	574	1120	76	622	0.0	911
(RefSeq)	lcl|NC_035434.2_cds_XP_035841446.1_7247	96.709	547	18	0	574	1120	76	622	0.0	911
(RefSeq)	lcl|NC_035434.2_cds_XP_035841445.1_7246	96.709	547	18	0	574	1120	76	622	0.0	911
(RefSeq)	lcl|NC_035434.2_cds_XP_035841444.1_7245	96.709	547	18	0	574	1120	76	622	0.0	911
(RefSeq)	lcl|NC_035434.2_cds_XP_035841441.1_7244	96.709	547	18	0	574	1120	76	622	0.0	911
(RefSeq)	lcl|NC_035434.2_cds_XP_035841489.1_7243	96.911	518	16	0	574	1091	76	593	0.0	869
(RefSeq)	lcl|NC_035434.2_cds_XP_035841483.1_7242	96.911	518	16	0	574	1091	76	593	0.0	869
(RefSeq)	lcl|NC_035434.2_cds_XP_035835285.1_4464	95.969	521	18	1	574	1091	76	596	0.0	843
(RefSeq)	lcl|NC_035436.2_cds_XP_035844871.1_14287	98.099	263	5	0	828	1090	24	286	1.31e-127	459
(RefSeq)	lcl|NC_035436.2_cds_XP_021999719.1_14286	98.099	263	5	0	828	1090	24	286	1.31e-127	459
(RefSeq)	lcl|NC_035444.2_cds_XP_035836903.1_49990	98.157	217	4	0	1118	1334	2	218	1.05e-103	379
(RefSeq)	lcl|NC_035444.2_cds_XP_035836904.1_49991	98.140	215	4	0	1118	1332	2	216	1.36e-102	375
(RefSeq)	lcl|NC_035446.2_cds_XP_022006535.1_59885	100.000	1350	0	0	1	1350	1	1350	0.0	2494
(RefSeq)	lcl|NC_035435.2_cds_XP_021976748.1_9892	88.952	1240	137	0	111	1350	219	1458	0.0	1531
(RefSeq)	lcl|NC_035446.2_cds_XP_035838676.1_58043	100.000	693	0	0	1	693	1	693	0.0	1280
(RefSeq)	lcl|NC_035442.2_cds_XP_021989529.1_41407	87.394	706	58	5	4	685	46	744	0.0	782
(RefSeq)	lcl|NC_035442.2_cds_XP_021989528.1_41406	87.394	706	58	5	4	685	46	744	0.0	782
(RefSeq)	lcl|NC_035442.2_cds_XP_021989527.1_41405	87.394	706	58	5	4	685	46	744	0.0	782
(RefSeq)	lcl|NC_035447.2_cds_XP_035839864.1_60935	96.429	168	6	0	110	277	149	316	1.20e-73	278
(RefSeq)	lcl|NC_035447.2_cds_XP_035839864.1_60935	90.476	105	3	4	494	595	326	426	9.89e-30	132
(RefSeq)	lcl|NC_035438.2_cds_XP_022008682.1_23106	100.000	1011	0	0	1	1011	1	1011	0.0	1868
(RefSeq)	lcl|NC_035446.2_cds_XP_022009055.1_56833	100.000	1203	0	0	1	1203	1	1203	0.0	2222
(RefSeq)	lcl|NC_035446.2_cds_XP_035838768.1_56834	100.000	984	0	0	220	1203	112	1095	0.0	1818
(RefSeq)	lcl|NC_035446.2_cds_XP_035838768.1_56834	99.160	119	1	0	1	119	1	119	1.68e-54	215
(RefSeq)	lcl|NC_035440.2_cds_XP_022009289.1_32608	100.000	1071	0	0	1	1071	1	1071	0.0	1978
(RefSeq)	lcl|NC_035446.2_cds_XP_022009787.1_58011	100.000	975	0	0	1	975	1	975	0.0	1801
(RefSeq)	lcl|NC_035446.2_cds_XP_022009787.1_58011	93.939	66	4	0	649	714	583	648	3.97e-20	100
(RefSeq)	lcl|NC_035446.2_cds_XP_022009787.1_58011	93.939	66	4	0	583	648	649	714	3.97e-20	100
(RefSeq)	lcl|NC_035441.2_cds_XP_021982760.1_35619	82.443	262	46	0	714	975	591	852	4.85e-59	230
(RefSeq)	lcl|NC_035441.2_cds_XP_021982756.1_35618	82.443	262	46	0	714	975	792	1053	4.85e-59	230
(RefSeq)	lcl|NC_035441.2_cds_XP_021982758.1_35614	82.353	255	45	0	721	975	604	858	8.11e-57	222
(RefSeq)	lcl|NC_035441.2_cds_XP_021982757.1_35613	82.353	255	45	0	721	975	604	858	8.11e-57	222
(RefSeq)	lcl|NC_035447.2_cds_XP_022011037.1_61295	100.000	1227	0	0	1	1227	1	1227	0.0	2266
(RefSeq)	lcl|NC_035447.2_cds_XP_022012337.1_63440	100.000	1794	0	0	1	1794	1	1794	0.0	3314
(RefSeq)	lcl|NC_035447.2_cds_XP_035840570.1_63441	99.498	1794	0	1	1	1794	1	1785	0.0	3254
(RefSeq)	lcl|NC_035447.2_cds_XP_022012338.1_63439	100.000	1692	0	0	1	1692	1	1692	0.0	3125
(RefSeq)	lcl|NC_035448.2_cds_XP_022016011.1_70538	86.078	1257	170	4	536	1791	530	1782	0.0	1347
(RefSeq)	lcl|NC_035448.2_cds_XP_022016011.1_70538	82.584	356	62	0	1	356	1	356	2.42e-84	315
(RefSeq)	lcl|NC_035434.2_cds_XP_022014098.1_4991	100.000	1014	0	0	1	1014	1	1014	0.0	1873
(RefSeq)	lcl|NC_035435.2_cds_XP_022015994.1_8511	100.000	2181	0	0	1	2181	1	2181	0.0	4028
(RefSeq)	lcl|NC_035435.2_cds_XP_022017109.1_8513	81.880	2075	366	9	66	2135	63	2132	0.0	1740
(RefSeq)	lcl|NC_035448.2_cds_XP_022016011.1_70538	100.000	1788	0	0	1	1788	1	1788	0.0	3302
(RefSeq)	lcl|NC_035447.2_cds_XP_022012337.1_63440	86.078	1257	170	4	530	1782	536	1791	0.0	1347
(RefSeq)	lcl|NC_035447.2_cds_XP_022012337.1_63440	82.584	356	62	0	1	356	1	356	2.41e-84	315
(RefSeq)	lcl|NC_035447.2_cds_XP_035840570.1_63441	85.442	1257	169	5	530	1782	536	1782	0.0	1295
(RefSeq)	lcl|NC_035447.2_cds_XP_035840570.1_63441	82.584	356	62	0	1	356	1	356	2.41e-84	315
(RefSeq)	lcl|NC_035447.2_cds_XP_022012338.1_63439	85.751	1158	160	4	530	1683	536	1692	0.0	1219
(RefSeq)	lcl|NC_035447.2_cds_XP_022012338.1_63439	82.584	356	62	0	1	356	1	356	2.41e-84	315
(RefSeq)	lcl|NC_035448.2_cds_XP_022016662.1_66397	100.000	1368	0	0	1	1368	1	1368	0.0	2527
(RefSeq)	lcl|NC_035448.2_cds_XP_022016966.1_66396	87.518	1362	159	5	1	1352	1	1361	0.0	1563
(RefSeq)	lcl|NC_035448.2_cds_XP_022016966.1_66396	100.000	1377	0	0	1	1377	1	1377	0.0	2543
(RefSeq)	lcl|NC_035448.2_cds_XP_022016662.1_66397	87.518	1362	159	5	1	1361	1	1352	0.0	1563
(RefSeq)	lcl|NC_035435.2_cds_XP_022017109.1_8513	100.000	2178	0	0	1	2178	1	2178	0.0	4023
(RefSeq)	lcl|NC_035435.2_cds_XP_022015994.1_8511	81.906	2078	360	14	63	2132	66	2135	0.0	1740
(RefSeq)	lcl|NC_035444.2_cds_XP_021997767.1_50524	73.504	1872	462	28	213	2066	187	2042	0.0	678
(RefSeq)	lcl|NC_035448.2_cds_XP_022017346.1_69399	100.000	1278	0	0	1	1278	1	1278	0.0	2361
(RefSeq)	lcl|NC_035448.2_cds_XP_022017347.1_69396	99.765	1278	0	1	1	1278	1	1275	0.0	2340
(RefSeq)	lcl|NC_035448.2_cds_XP_022017349.1_69398	100.000	1023	0	0	1	1023	1	1023	0.0	1890
(RefSeq)	lcl|NC_035448.2_cds_XP_022017349.1_69398	100.000	189	0	0	1090	1278	1018	1206	4.71e-95	350
(RefSeq)	lcl|NC_035448.2_cds_XP_022017348.1_69397	99.868	757	0	1	1	756	1	757	0.0	1391
(RefSeq)	lcl|NC_035448.2_cds_XP_022017348.1_69397	100.000	462	0	0	817	1278	754	1215	0.0	854
(RefSeq)	lcl|NC_035448.2_cds_XP_022017350.1_69395	86.381	1285	158	10	1	1278	1	1275	0.0	1387
(RefSeq)	lcl|NC_035448.2_cds_XP_022017351.1_69394	86.349	1282	161	8	1	1278	1	1272	0.0	1386
(RefSeq)	lcl|NC_035449.2_cds_XP_022020575.1_74373	85.379	1279	182	3	1	1278	1	1275	0.0	1321
(RefSeq)	lcl|NC_035448.2_cds_XP_022017350.1_69395	100.000	1275	0	0	1	1275	1	1275	0.0	2355
(RefSeq)	lcl|NC_035448.2_cds_XP_022017351.1_69394	99.765	1275	0	1	1	1275	1	1272	0.0	2335
(RefSeq)	lcl|NC_035449.2_cds_XP_022020575.1_74373	87.031	1280	156	7	1	1275	1	1275	0.0	1435
(RefSeq)	lcl|NC_035448.2_cds_XP_022017347.1_69396	86.583	1282	158	9	1	1275	1	1275	0.0	1402
(RefSeq)	lcl|NC_035448.2_cds_XP_022017346.1_69399	86.381	1285	158	10	1	1275	1	1278	0.0	1387
(RefSeq)	lcl|NC_035448.2_cds_XP_022017349.1_69398	86.204	1022	133	4	1	1018	1	1018	0.0	1099
(RefSeq)	lcl|NC_035448.2_cds_XP_022017349.1_69398	91.005	189	14	1	1090	1275	1018	1206	1.36e-65	252
(RefSeq)	lcl|NC_035448.2_cds_XP_022017348.1_69397	86.658	757	93	4	1	753	1	753	0.0	832
(RefSeq)	lcl|NC_035448.2_cds_XP_022017348.1_69397	86.111	468	56	6	814	1275	751	1215	5.70e-139	496
(RefSeq)	lcl|NC_035440.2_cds_XP_022018612.1_32360	100.000	1416	0	0	1	1416	1	1416	0.0	2615
(RefSeq)	lcl|NC_035437.2_cds_XP_022038908.1_20705	82.188	1179	201	8	225	1397	207	1382	0.0	1005
(RefSeq)	lcl|NC_035449.2_cds_XP_022020575.1_74373	100.000	1275	0	0	1	1275	1	1275	0.0	2355
(RefSeq)	lcl|NC_035448.2_cds_XP_022017350.1_69395	87.031	1280	156	7	1	1275	1	1275	0.0	1435
(RefSeq)	lcl|NC_035448.2_cds_XP_022017351.1_69394	86.953	1280	154	9	1	1275	1	1272	0.0	1426
(RefSeq)	lcl|NC_035448.2_cds_XP_022017347.1_69396	85.580	1276	182	2	1	1275	1	1275	0.0	1336
(RefSeq)	lcl|NC_035448.2_cds_XP_022017346.1_69399	85.379	1279	182	3	1	1275	1	1278	0.0	1321
(RefSeq)	lcl|NC_035448.2_cds_XP_022017349.1_69398	85.337	1023	147	1	1	1020	1	1023	0.0	1055
(RefSeq)	lcl|NC_035448.2_cds_XP_022017348.1_69397	85.601	757	105	2	1	753	1	757	0.0	791
(RefSeq)	lcl|NC_035449.2_cds_XP_022021682.1_74426	100.000	729	0	0	1	729	1	729	0.0	1347
(RefSeq)	lcl|NC_035440.2_cds_XP_021977910.1_31499	94.376	729	41	0	1	729	1	729	0.0	1120
(RefSeq)	lcl|NC_035434.2_cds_XP_022022159.1_6251	100.000	1368	0	0	1	1368	1	1368	0.0	2527
(RefSeq)	lcl|NC_035438.2_cds_XP_021969097.1_21680	82.902	1351	229	2	1	1350	1	1350	0.0	1214
(RefSeq)	lcl|NC_035449.2_cds_XP_022025937.1_73668	100.000	1680	0	0	1	1680	1	1680	0.0	3103
(RefSeq)	lcl|NC_035436.2_cds_XP_022004687.1_13344	96.234	478	18	0	670	1147	1	478	0.0	784
(RefSeq)	lcl|NC_035436.2_cds_XP_022032067.1_13338	95.816	478	20	0	670	1147	1	478	0.0	773
(RefSeq)	lcl|NC_035436.2_cds_XP_022026137.1_13342	95.607	478	21	0	670	1147	1	478	0.0	767
(RefSeq)	lcl|NC_035436.2_cds_XP_022004689.1_13346	92.484	479	34	2	670	1147	1	478	0.0	684
(RefSeq)	lcl|NC_035435.2_cds_XP_022027531.1_8258	100.000	1239	0	0	1	1239	1	1239	0.0	2289
(RefSeq)	lcl|NC_035435.2_cds_XP_022027532.1_8259	99.516	1239	0	1	1	1239	1	1233	0.0	2250
(RefSeq)	lcl|NC_035435.2_cds_XP_022027534.1_8261	100.000	966	0	0	274	1239	1	966	0.0	1784
(RefSeq)	lcl|NC_035435.2_cds_XP_022027533.1_8260	100.000	966	0	0	274	1239	1	966	0.0	1784
(RefSeq)	lcl|NC_035435.2_cds_XP_022028550.1_10523	100.000	888	0	0	1	888	1	888	0.0	1640
(RefSeq)	lcl|NC_035435.2_cds_XP_022028849.1_10906	100.000	2142	0	0	1	2142	1	2142	0.0	3956
(RefSeq)	lcl|NC_035435.2_cds_XP_022029027.1_11193	100.000	1632	0	0	1	1632	1	1632	0.0	3014
(RefSeq)	lcl|NC_035435.2_cds_XP_022029028.1_11192	100.000	1245	0	0	1	1245	1	1245	0.0	2300
(RefSeq)	lcl|NC_035435.2_cds_XP_022029028.1_11192	100.000	267	0	0	1366	1632	1246	1512	2.63e-138	494
(RefSeq)	lcl|NC_035438.2_cds_XP_021970137.1_23158	77.027	222	45	6	1365	1583	1239	1457	1.43e-26	122
(RefSeq)	lcl|NC_035435.2_cds_XP_022029078.1_11128	100.000	1374	0	0	1	1374	1	1374	0.0	2538
(RefSeq)	lcl|NC_035441.2_cds_XP_021984188.1_37671	95.770	1371	58	0	1	1371	1	1371	0.0	2211
(RefSeq)	lcl|NC_035435.2_cds_XP_022029436.1_11629	100.000	699	0	0	1	699	1	699	0.0	1291
(RefSeq)	lcl|NC_035446.2_cds_XP_022033582.1_56591	100.000	819	0	0	1	819	1	819	0.0	1513
(RefSeq)	lcl|NC_035433.2_cds_XP_022033718.1_937	100.000	843	0	0	1	843	1	843	0.0	1557
(RefSeq)	lcl|NC_035433.2_cds_XP_021969165.1_944	87.237	713	73	5	129	841	120	814	0.0	797
(RefSeq)	lcl|NC_035436.2_cds_XP_022034187.1_14314	100.000	1083	0	0	1	1083	1	1083	0.0	2001
(RefSeq)	lcl|NC_035436.2_cds_XP_022034189.1_14316	100.000	926	0	0	1	926	1	926	0.0	1711
(RefSeq)	lcl|NC_035436.2_cds_XP_022034188.1_14315	100.000	925	0	0	1	925	1	925	0.0	1709
(RefSeq)	lcl|NC_035433.2_cds_XP_022035033.1_1537	100.000	594	0	0	1	594	1	594	0.0	1098
(RefSeq)	lcl|NC_035439.2_cds_XP_022036963.1_26149	100.000	735	0	0	1	735	1	735	0.0	1358
(RefSeq)	lcl|NC_035439.2_cds_XP_035831567.1_26148	100.000	730	0	0	6	735	168	897	0.0	1349
(RefSeq)	lcl|NC_035439.2_cds_XP_035831566.1_26147	100.000	730	0	0	6	735	168	897	0.0	1349
(RefSeq)	lcl|NC_035439.2_cds_XP_035831565.1_26146	100.000	730	0	0	6	735	168	897	0.0	1349
(RefSeq)	lcl|NC_035439.2_cds_XP_035831564.1_26145	100.000	730	0	0	6	735	168	897	0.0	1349
(RefSeq)	lcl|NC_035439.2_cds_XP_035831563.1_26144	100.000	730	0	0	6	735	168	897	0.0	1349
(RefSeq)	lcl|NC_035439.2_cds_XP_035831562.1_26143	100.000	730	0	0	6	735	168	897	0.0	1349
(RefSeq)	lcl|NC_035439.2_cds_XP_035831561.1_26142	100.000	730	0	0	6	735	168	897	0.0	1349
(RefSeq)	lcl|NC_035439.2_cds_XP_035831560.1_26141	100.000	730	0	0	6	735	168	897	0.0	1349
(RefSeq)	lcl|NC_035439.2_cds_XP_035831559.1_26140	100.000	730	0	0	6	735	168	897	0.0	1349
(RefSeq)	lcl|NC_035439.2_cds_XP_035831570.1_26152	100.000	723	0	0	13	735	1	723	0.0	1336
(RefSeq)	lcl|NC_035439.2_cds_XP_035831569.1_26151	100.000	723	0	0	13	735	1	723	0.0	1336
(RefSeq)	lcl|NC_035439.2_cds_XP_035831568.1_26150	100.000	723	0	0	13	735	1	723	0.0	1336
(RefSeq)	lcl|NC_035442.2_cds_XP_021988047.1_39792	80.540	704	133	4	28	729	25	726	5.30e-152	538
(RefSeq)	lcl|NC_035437.2_cds_XP_022038869.1_20174	100.000	909	0	0	1	909	1	909	0.0	1679
(RefSeq)	lcl|NC_035435.2_cds_XP_021981854.1_8917	93.608	923	40	11	1	909	1	918	0.0	1360
(RefSeq)	lcl|NC_035435.2_cds_XP_022028005.2_9027	97.250	400	11	0	235	634	10	409	0.0	678
(RefSeq)	lcl|NC_035443.2_cds_XP_035836025.1_45995	95.652	161	7	0	404	564	200	360	5.75e-68	259
(RefSeq)	lcl|NC_035437.2_cds_XP_022038908.1_20705	100.000	1419	0	0	1	1419	1	1419	0.0	2621
(RefSeq)	lcl|NC_035441.2_cds_XP_021984033.1_37477	84.980	1245	181	3	129	1367	138	1382	0.0	1258
(RefSeq)	lcl|NC_035440.2_cds_XP_022018612.1_32360	82.218	1181	197	12	207	1382	225	1397	0.0	1005
(RefSeq)	lcl|NC_035437.2_cds_XP_022039128.1_20293	100.000	1095	0	0	1	1095	1	1095	0.0	2023
(RefSeq)	lcl|NC_035437.2_cds_XP_022039152.1_20817	100.000	1389	0	0	1	1389	1	1389	0.0	2566
(RefSeq)	lcl|NC_035440.2_cds_XP_021978531.1_32473	81.662	1396	239	12	1	1389	1	1386	0.0	1144
(RefSeq)	lcl|NC_035437.2_cds_XP_022039590.2_21130	100.000	1113	0	0	1	1113	1	1113	0.0	2056
(RefSeq)	lcl|NC_035440.2_cds_XP_021978159.1_31905	88.964	1042	113	2	74	1113	108	1149	0.0	1286
(RefSeq)	lcl|NC_035435.2_cds_XP_022028419.1_10146	96.203	79	3	0	316	394	13	91	5.79e-29	130
(RefSeq)	lcl|NC_035435.2_cds_XP_022028418.1_10145	96.203	79	3	0	316	394	82	160	5.79e-29	130
(RefSeq)	lcl|NC_035434.2_cds_XP_035840375.1_6593	97.260	73	2	0	316	388	157	229	2.70e-27	124
(RefSeq)	lcl|NC_035434.2_cds_XP_022023378.2_6592	97.260	73	2	0	316	388	157	229	2.70e-27	124
(RefSeq)	lcl|NC_035433.2_cds_XP_035833435.1_1759	97.260	73	2	0	316	388	157	229	2.70e-27	124
(RefSeq)	lcl|NC_035433.2_cds_XP_021974471.2_1758	97.260	73	2	0	316	388	157	229	2.70e-27	124
