"","TemperatureAirMin","TemperatureAirMax","TemperatureAirMean","Radiation","PET","Rainfall","ThermalTime","WaterStress","WaterStressConductance","WaterStressRUE","WaterSupplyDemandRatio....WaterDemand.WaterAvailable","ThermalStressRUE....ThermalStressRUE","NitrogenAbsorbed....NitrogenAbsorbed","NitrogenNutritionIndex....NNI","NitrogenStressRUE....NitrogenStressRUE","LAI","RIE","RUE","CropBiomass","CropYield","TerpeneStressRUE","pest_resistance_genetic","WaterAvailable"
"1",1.1,19.4,10.25,20.3,2.8,0,0,1,0,1,0,1,0,0,1,0,0,0,0,0,0,11.0509273061421,76.83
"2",1.7,22.8,12.25,20.1,3,0,7.45,0.753406187863554,1,0.997644533843923,0,0.490131578947368,0,0,1,0,0,0.380904084949093,0,0,0.778981453877158,11.0509273061421,75.5873593128807
"3",6.7,21.7,14.2,20.3,3.7,1.3,16.8500000000001,0.349503458760194,0.999999999999934,0.916070609625345,0,0.618421052631579,0,0,1,0,0,0.441306509486632,0,0,0.778981453877158,11.0509273061421,75.7113615056563
"4",7.8,21.1,14.45,14.9,3.9,0,26.5000007435129,0.222903951850085,0.999999229520333,0.76054018932934,0,0.634868421052632,0,0,1,0,0,0.376125702520543,0,0,0.778981453877158,11.0509273061421,74.6663596551749
"5",5,23.9,14.45,21.5,3.5,1.3,36.1501225337875,0.165756423456736,0.999873792461648,0.63020733154874,0,0.634868421052632,0,0,1,0,0,0.311669493128813,0,0,0.778981453877158,11.0509273061421,75.1401217339257
"6",12.8,20.6,16.7,21.5,3.1,9.1,48.0516212492949,0.130200588215855,0.998740575203868,0.524587120240774,0,0.782894736842105,0,0,1,0,0,0.319924953129186,0,0,0.778981453877158,11.0509273061421,76.83
"7",6.1,20,13.05,19.8,4,0,56.3059543725312,0.107857230021002,0.994747729410529,0.448372267137811,0,0.542763157894737,0,0,1,0,0,0.189572885815722,0,0,0.778981453877158,11.0509273061421,75.1731457505076
"8",4.4,19.4,11.9,16.6,5.3,0,63.4150556381128,0.0925048252847576,0.987181316082219,0.391829122823068,0,0.467105263157895,0,0,1,0,0,0.142573427654848,0,0,0.778981453877158,11.0509273061421,73.48860835097
"9",8.9,24.4,16.65,21.9,4.9,0,75.2929396679407,0.0775420727670074,0.976469173141001,0.333712999560853,0,0.779605263157895,0,0,1,0,0,0.202663251004678,0,0,0.778981453877158,11.0509273061421,72.1756573080575
"10",16.1,27.2,21.65,22.3,3.5,0,92.2139930049924,0.0643885648108063,0.957831847447076,0.280420891620877,0,1,0,0,1,0,0,0.218442673852359,0,0,0.778981453877158,11.0509273061421,71.3494193868082
"11",15.6,28.9,22.25,21.5,3.7,0,109.785399879404,0.0546833079757688,0.930425859936162,0.239937508963149,0,1,0,0,1,0,0,0.186906869571778,0,0,0.778981453877158,11.0509273061421,70.5597588552597
"12",17.8,25,21.4,21,4.5,0.3,126.550632699835,0.0477460138680311,0.900462156366951,0.210470316768712,0,1,0,0,1,0,0,0.163952473354477,0,0,0.778981453877158,11.0509273061421,69.9765817979933
"13",12.8,26.1,19.45,23.1,3.3,1,141.387465116449,0.0433096958899794,0.872469340195301,0.191420119928849,0,0.963815789473684,0,0,1,0,0,0.143717197150625,0,0,0.778981453877158,11.0509273061421,70.373751612844
"14",7.2,27.8,17.5,22.9,3.5,0,154.276400261645,0.0394595735201967,0.851232169136514,0.174768863617757,0,0.835526315789474,0,0,1,1.78654186278495,0.799689712367094,0.113749975928449,99.9883823367581,39.9953529347033,0.778981453877158,11.0509273061421,69.7732465494557
"15",16.7,22.2,19.45,22.6,3.8,29.5,169.174705528192,0.0398595809685676,0.830508350479877,0.176503677316797,0.0474630364231934,0.963815789473684,0.571016033239696,0.126066750478455,0.126066750478455,3.9427153808203,0.971230625490965,0.0167061151796909,117.589794643231,47.0359178572926,0.778981453877158,11.0509273061421,76.83
"16",12.2,21.7,16.95,23.3,3.8,1.3,181.527897213488,0.0360040794732145,0.832764045023658,0.159738420358938,0.0595297895358164,0.799342105263158,1.26398045300191,0.253996521673176,0.139251008071251,5.5882827869186,0.993457621589052,0.0138505666428925,132.978923835714,53.1915695342855,0.778981453877158,11.0509273061421,74.3965615664437
"17",7.2,26.1,16.65,22.5,4.2,0,193.603037342746,0.0319299400605788,0.810008329740475,0.141921941860935,0.0711912024991731,0.779605263157895,2.03301245742742,0.380406391888901,0.143897145825061,7.02145767450389,0.99819881753913,0.0124023392035286,146.34932418961,58.5397296758438,0.778981453877158,11.0509273061421,70.3320949364071
"18",8.3,26.7,17.5,18.9,4.7,0,206.57803589998,0.0280981766827271,0.783465702964876,0.125080842457862,0.0854053914654252,0.835526315789474,2.87690704388902,0.509214790098111,0.149369999848542,8.36569350719086,0.99946279143866,0.0121602199195003,157.375149349222,62.9500597396888,0.778981453877158,11.0509273061421,65.9190390011833
"19",10,28.3,19.15,4.8,1.3,0,221.277969228544,0.0258663367833545,0.756144021907148,0.115237645997765,0.0240834693471235,0.944078947368421,3.09216814637352,0.524737292292395,0.0365295555437577,9.73238612138474,0.999842981591712,0.0030958092784946,158.088311809767,63.2353247239069,0.778981453877158,11.0509273061421,64.7399231469338
"20",11.1,31.7,21.4,15.2,3,0,238.310912582122,0.023180037470179,0.739190750856653,0.103360212936305,0.0579813756518797,1,3.59214243422397,0.607985868447394,0.0846228419853276,12.1209553763384,0.999981704580659,0.006813466423032,163.059325963559,65.2237303854235,0.778981453877158,11.0509273061421,62.0791537500106
"21",11.7,30,20.85,24.9,4.1,0,254.81384323431,0.0205510201331584,0.717800216705394,0.0917074158141467,0.0840326119854747,1,4.26813665992595,0.709544506038608,0.112378779588793,15.3189320180315,0.999998971119064,0.0080281575221728,172.654569961686,69.0618279846744,0.778981453877158,11.0509273061421,58.5476265736839
"22",14.4,24.4,19.4,24.3,4.6,1.5,269.857877756832,0.0186870355657102,0.6958667653958,0.0834300976929157,0.0982092766970245,0.960526315789474,4.98957458375522,0.802420529783036,0.116021234140761,18.7807582613654,0.999999954369178,0.00724263533014646,181.102379425288,72.4409517701153,0.778981453877158,11.0509273061421,56.206445116243
"23",9.4,22.2,15.8,23.3,3.3,0,281.210153423803,0.0170582007227622,0.679749393662089,0.0761875215713614,0.0739984422176335,0.723684210526316,5.48464937158684,0.85793553448258,0.077442006577037,21.4569443461517,0.999999995895779,0.00332611038705426,184.822301266902,73.928920506761,0.778981453877158,11.0509273061421,53.5146376143348
"24",6.1,25.6,15.85,24.4,4.2,0,292.629993091335,0.0153540392811249,0.665303468297228,0.0686014046537013,0.100475447523181,0.726973684210526,6.10947102384842,0.944469354408007,0.0965918162518622,24.2792645961374,0.999999999676343,0.00375248658810022,189.217213557463,75.6868854229852,0.778981453877158,11.0509273061421,50.1615081450814
"25",11.7,28.9,20.3,22.1,4.9,0,308.672724180867,0.013497534927682,0.649850909979406,0.0603281208588495,0.126887163843346,1,6.82805938079082,1.04126654367952,0.10958340767609,30.3735264605034,0.999999999998657,0.00531646879973266,194.856923660212,77.9427694640847,0.778981453877158,11.0509273061421,46.3403847953945
"26",16.1,30,23.05,14.4,3.1,0,327.593133288843,0.0121442803328517,0.632652543574967,0.0542922152266867,0.0845706002038693,1,7.25456613058889,1.08762217526254,0.0639429278924878,37.2144928548242,0.999999999999997,0.00298274925223416,196.918599943356,78.7674399773424,0.778981453877158,11.0509273061421,43.9869173332981
"27",16.7,30.6,23.65,15.4,3.6,31.8,347.159627522092,0.0191599339869524,0.619896958488477,0.0855312139015825,0.0590898824698463,1,7.53494831083883,1.12278284026567,0.0417797558409359,48.5490696906385,1,0.00327350822140002,199.338377220615,79.735350888246,0.778981453877158,11.0509273061421,73.1089624726279
"28",15,28.9,21.95,6.1,1.4,0,364.851771184267,0.0180103103656789,0.683881246545227,0.0804220806703433,0.0233462898827037,1,7.65380046771856,1.13244260836394,0.0175851522539992,57.9169883171976,1,0.0013682474078723,199.73900006164,79.895600024656,0.778981453877158,11.0509273061421,71.960041978432
"29",17.2,28.9,23.05,16.7,4.2,0,383.697109205283,0.0163861646519265,0.67378738574422,0.0731969403029649,0.0735077987364041,1,8.01916673045195,1.18512067807871,0.0539960232268767,71.6969377621638,1,0.00404032058005851,202.977721038615,81.1910884154459,0.778981453877158,11.0509273061421,68.5641535542811
"30",16.1,27.2,21.65,20.5,3.8,0,401.121273323695,0.0150307702513358,0.659249781358308,0.0671614419034348,0.0695567553941531,1,9.25876549847978,1.35561019648688,0.181494253177383,85.7383844269966,1,0.0130780890135293,215.846560627928,86.3386242511711,0.778981453877158,11.0509273061421,65.5579745512872
"31",13.9,27.2,20.55,25.5,4,0,417.427433219254,0.0137868583628684,0.64688260599406,0.0616180296391518,0.0768578733114579,1,10.541176785121,1.48931552882317,0.181186131535977,99.1153608717075,1,0.0125074192055715,231.155641735547,92.4622566942189,0.778981453877158,11.0509273061421,62.4529380425157
"32",9.4,21.1,15.25,25.6,6.3,0,428.258485767339,0.0123850242235269,0.63535641331609,0.0553663053149871,0.131136977324313,0.6875,12.5821821688365,1.70841414335615,0.27712859481894,108.484599613821,1,0.0121498379385826,246.085362594478,98.434145037791,0.778981453877158,11.0509273061421,57.649643557846
"33",10,13.3,11.65,18.2,3.7,19.1,435.367293223769,0.0155755903458462,0.622178895722444,0.0695881123620234,0.0600104051061473,0.450657894736842,13.4207179110338,1.75730762063041,0.109797796191118,116.335949706385,1,0.00403709219654486,249.612166337379,99.8448665349517,0.778981453877158,11.0509273061421,73.9871692608384
"34",10.6,20.6,15.6,20.4,4.5,2.5,446.543264379291,0.0149585001116138,0.651878559701932,0.0668394848335447,0.074006032137868,0.710526315789474,14.4639526748835,1.87834193923708,0.13547829237659,128.824595997361,1,0.0077525604701861,257.203473549785,102.881389419914,0.778981453877158,11.0509273061421,72.967025038448
"35",11.1,23.9,17.5,18.7,4,0,459.69256821959,0.0139137941045111,0.646217448583607,0.0621838905021468,0.0687037507338954,0.835526315789474,15.3776346167616,1.96259539030254,0.116610129712538,149.305796547392,1,0.00753179219654839,263.964010225407,105.585604090163,0.778981453877158,11.0509273061421,69.8651812852467
"36",8.3,25.6,16.95,13.6,3.1,0,472.284172106234,0.013080585294625,0.636540010992472,0.0584688548499719,0.0551133544741958,0.799342105263158,16.0672045035679,2.0199758775632,0.0866930234773193,168.144619432789,1,0.00518521566833162,267.348919013694,106.939567605478,0.778981453877158,11.0509273061421,67.4972524443547
"37",12.8,27.2,20,11.3,2.2,0,488.048485396729,0.0123663588811656,0.628741256252922,0.0552830335702479,0.0400988037392738,1,16.5449168258532,2.06471872013134,0.0596159887076998,190.435529110343,1,0.00436875770387282,269.718533192275,107.88741327691,0.778981453877158,11.0509273061421,65.837375527847
"38",15,24.4,19.7,16.7,2.7,2.5,503.511702171374,0.0120909818671651,0.622002164668108,0.0540544045623645,0.0488525025761262,0.980263157894737,17.1055032134301,2.12377935682521,0.0696010975414276,221.437584046025,1,0.00505445874311094,273.770187320752,109.508074928301,0.778981453877158,11.0509273061421,66.3220885143223
"39",11.1,24.4,17.75,15.4,2.9,0,516.954590777859,0.0113960009242226,0.619391037463039,0.050952940609557,0.0542338160691909,0.851973684210526,17.7055084209729,2.17934622923666,0.0738538004947516,256.892093362619,1,0.00451920124580628,277.110780881652,110.844312352661,0.778981453877158,11.0509273061421,64.1666077039509
"40",15.6,27.2,21.4,23.1,4.3,0,534.197391353907,0.010507381330338,0.612770737320494,0.0469859090315834,0.0845836319989742,1,18.5979442574043,2.27314822065576,0.109078665123206,314.893331692999,1,0.00748125097769809,285.405991965724,114.16239678629,0.778981453877158,11.0509273061421,61.0047106993772
"41",15,27.2,21.1,20.5,4.4,0,551.14247185923,0.00967004476403376,0.604245088759183,0.0432464593709616,0.0913268915770852,1,19.496544794345,2.34256073525719,0.107969199502928,384.363439493641,1,0.00704578397133791,292.339043393521,116.935617357408,0.778981453877158,11.0509273061421,57.8142966307287
"42",12.8,29.4,21.1,9.2,1.8,0,568.10074254744,0.00918906340775408,0.596152952017964,0.0410978966479962,0.0382120941469579,1,19.8460616186721,2.35159093261195,0.0414147960777085,466.87343387134,1,0.00265224632128779,293.510275369001,117.4041101476,0.778981453877158,11.0509273061421,56.5266062543699
"43",14.4,25.6,20,13.5,3.2,0,583.921692017873,0.00859107934480952,0.591480611557335,0.0384261503400496,0.0707764685570473,1,20.4721091870131,2.42015325000587,0.0740095240474746,557.198331139509,1,0.0045623045879883,296.466648742018,118.586659496807,0.778981453877158,11.0509273061421,54.2553207059897
"44",15,27.8,21.4,10.9,2.3,0,601.209515271105,0.00811005657469898,0.585648642631472,0.0362765773898115,0.0524326762774869,1,20.9107751306568,2.45768342274391,0.0515572479297886,669.800609821756,1,0.00309442889824661,298.08565394158,119.234261576632,0.778981453877158,11.0509273061421,52.6389304523268
"45",17.2,29.4,23.3,15.8,3.3,9.1,620.484776651671,0.00889609828400444,0.58093979428863,0.0397890223064155,0.0666235869278513,1,21.4447700912197,2.51249594184904,0.0625635138859112,834.082294120494,1,0.00425806177152039,301.314967989101,120.525987195641,0.778981453877158,11.0509273061421,59.4384088669439
"46",17.2,28.3,22.75,21.1,4.4,0,639.173192057021,0.00820220159778991,0.588626515125562,0.0366883775376863,0.0937325901248856,1,22.1738797849465,2.58173389871879,0.0848911976810185,1006.73210179757,1,0.00549662463073918,306.881949415114,122.752779766046,0.778981453877158,11.0509273061421,56.3304608670809
"47",11.7,27.8,19.75,9.4,2.4,0,654.748336780185,0.00777508099717941,0.581842994538588,0.0347794540792576,0.0526944106351403,0.983552631578947,22.5555258983696,2.59843211824488,0.0439662335247732,1160.23488346587,1,0.00272235356298993,308.110275342735,123.244110137094,0.778981453877158,11.0509273061421,54.6547530428098
"48",11.7,26.1,18.9,25.1,4.5,0,669.443847668412,0.00717337285305504,0.577651852321796,0.0320898218041996,0.104782276609187,0.927631578947368,23.2837044436395,2.67611202929609,0.0836931841833488,1312.49497916269,1,0.00461601465897797,313.671649803872,125.468659921549,0.778981453877158,11.0509273061421,51.5354330402721
"49",12.2,21.7,16.95,16.3,3.9,0,682.1141973316,0.00667201316139126,0.571728672273305,0.0298483899164459,0.0957843763930841,0.799342105263158,23.9009741826701,2.71870286720651,0.0702135819450824,1447.66538761948,1,0.0031656048515088,316.148419039692,126.459367615877,0.778981453877158,11.0509273061421,48.859742854033
"50",10,21.7,15.85,17.6,3.7,0,693.642908201582,0.00621815008709303,0.566777493229127,0.02781904192851,0.09580683108928,0.726973684210526,24.4779971539526,2.77166596951581,0.0653368379395552,1573.61927335427,1,0.00254117724301856,318.295205574594,127.318082229838,0.778981453877158,11.0509273061421,46.3432507840957
"51",9.4,23.3,16.35,17.9,3.7,4.3,705.698470399709,0.00634611027216954,0.562283811144822,0.0283912114281357,0.0922181378311227,0.759868421052632,24.9975675771014,2.81940907207826,0.0586009642774597,1719.11833740871,1,0.00247562561633542,320.42226310415,128.16890524166,0.778981453877158,11.0509273061421,48.1467106626127
"52",9.4,28.9,19.15,24.5,4.1,0,720.674773554892,0.0058595190980601,0.563551808234766,0.0262153400407614,0.108432056283521,0.944078947368421,25.5759006955869,2.87351572823693,0.064977156891109,1897.3478737279,1,0.00321907438294371,324.207894578492,129.683157831397,0.778981453877158,11.0509273061421,45.3740357660976
"53",13.3,31.7,22.5,23.2,4.9,0,739.15582899861,0.00530892446273204,0.558725738012757,0.0237529682885795,0.139704862080991,1,26.2658364083263,2.93099686016978,0.0769897206516128,2106.11527719422,1,0.00375887671982274,328.393779693686,131.357511877474,0.778981453877158,11.0509273061421,42.0887284265826
"54",16.7,32.2,24.45,18.3,4.9,0,759.683689782164,0.00477790585709533,0.553251509641561,0.0213778711595232,0.151407434263295,1,26.9438659409622,2.98436990658051,0.0751002449835966,2319.9003084705,1,0.00339578959952121,331.376641277906,132.550656511162,0.778981453877158,11.0509273061421,38.8356095498902
"55",17.2,30,23.6,14.4,4.5,0,779.333525662841,0.0043113435351648,0.547959637937932,0.019290868832742,0.150515819783886,1,27.5513113494507,3.03568968819038,0.0669302357081466,2506.28296315652,1,0.00280466459296964,333.315225444566,133.326090177826,0.778981453877158,11.0509273061421,35.8766275050254
"56",17.8,30,23.9,25.4,6.4,11.4,799.30582056456,0.00506083256772946,0.543301098576751,0.0226433546379861,0.178173409077728,1,28.2003887048722,3.09671262194497,0.0712758274429381,2728.40264845079,1,0.00359951388264123,337.703752770282,135.081501108113,0.778981453877158,11.0509273061421,43.104075067956
"57",16.7,26.7,21.7,25.8,5.2,0,816.965001393733,0.00456211603293892,0.550780574453352,0.0204126333896202,0.157308792306709,1,28.7212793918987,3.13007515485837,0.0567672134521584,2902.29758610652,1,0.0026438647210494,340.97791484083,136.391165936332,0.778981453877158,11.0509273061421,39.667204283367
"58",13.3,26.1,19.7,23.8,5.6,0,832.541750438397,0.00406485380072263,0.545806010292792,0.0181882147386065,0.186669840602562,0.980263157894737,29.2768808888326,3.17281959078414,0.060212128499426,3036.41998980974,1,0.00249800350731224,343.831634047583,137.532653619033,0.778981453877158,11.0509273061421,35.9993878941995
"59",16.7,28.9,22.8,24.3,6.6,0,851.368244144983,0.00350724323083888,0.540836829674323,0.0156936248740132,0.249716544896099,1,29.9318302390928,3.22815581822853,0.070636460877897,3170.37984583184,1,0.00259060125566945,346.853311352196,138.741324540878,0.778981453877158,11.0509273061421,31.7159602031788
"60",15,27.8,21.4,25.5,5.4,0,868.739720919172,0.00306430117467295,0.535254955307809,0.0137118883087852,0.229400766209721,1,32.8973220084292,3.53002477742828,0.31821007862995,3282.29713342989,1,0.0101966983252571,359.334070102311,143.733628040924,0.778981453877158,11.0509273061421,28.2475080927842
"61",18.3,26.1,22.2,17.5,4.6,0.8,886.956103549156,0.00277842661411327,0.530814580469205,0.0124328184378741,0.211353256698056,1,35.2689949138365,3.7077104534374,0.249325971579167,3382.57068955387,1,0.00724411747259801,365.419128779293,146.167651511717,0.778981453877158,11.0509273061421,26.1174116085942
"62",17.8,31.1,24.45,6.7,1.6,1.3,907.533689408443,0.00275030004668836,0.527946127589145,0.0123069713081714,0.0727169297256343,1,35.9874198467883,3.74656755152436,0.0747935682375184,3480.39594671246,1,0.00215111591707532,366.110927658225,146.44437106329,0.778981453877158,11.0509273061421,26.4037550436231
"63",18.9,33.3,26.1,19,3.7,0,929.839765505913,0.00245167505348091,0.527663804005017,0.0109708056890172,0.184531537828638,1,37.7335674563833,3.92404793074623,0.181588102480086,3562.78588550561,1,0.00465558527899772,370.356821432671,148.142728573068,0.778981453877158,11.0509273061421,24.0609277538408
"64",17.2,33.3,25.25,19.9,4.1,0,951.261825036376,0.00214348305068166,0.524665266276984,0.00959179247932007,0.229054815172038,1,39.6718663903646,4.09811959960556,0.200227051913356,3621.38600312611,1,0.00448818654933532,374.643937224596,149.857574889838,0.778981453877158,11.0509273061421,21.479574643758
"65",20,33.9,26.95,10.9,2.8,0,974.471550141671,0.00192617492408692,0.521568801221446,0.00861941931760835,0.170324041987614,1,40.9265855230331,4.19960515445889,0.128750660960642,3666.02475063883,1,0.0025934378733069,376.00082391991,150.400329567964,0.778981453877158,11.0509273061421,19.727103471654
"66",20,31.7,25.85,18.2,4.4,0.3,996.533245867671,0.00165352020996641,0.519384453206575,0.00739936789510787,0.305471523331919,1,42.9587279543621,4.39889614817288,0.208087714403665,3693.88725632779,1,0.00359823425474751,379.144241364857,151.657696545943,0.778981453877158,11.0509273061421,17.2847535587233
"67",20,27.2,23.6,27,6.4,30.5,1016.24195753294,0.00411558398745421,0.516642731242336,0.0184151562833301,0.175274687340833,1,43.9299281913414,4.47667639968556,0.0989700953144515,3751.35523327998,1,0.0042591974148509,384.664161214504,153.865664485802,0.778981453877158,11.0509273061421,43.8169373827821
"68",21.1,30,25.55,19.6,4.9,0,1037.94366838129,0.00374303738366793,0.541344169468968,0.0167485259678444,0.144706995856902,1,44.6893446492184,4.51604627304786,0.0767422277324998,3793.46507760851,1,0.0030037194433337,387.490060466792,154.996024186717,0.778981453877158,11.0509273061421,40.6338336663046
"69",20.6,31.1,25.85,21.8,4.6,22.9,1059.96698565755,0.00547240853112258,0.537616495837565,0.0244841338920572,0.0911399568714845,1,45.1241541050404,4.54066793913073,0.043753182632211,3841.91622599722,1,0.0025034721699072,390.109693745383,156.043877498153,0.778981453877158,11.0509273061421,60.5661906092812
"70",20,26.7,23.35,23.1,5.5,14.2,1079.34268633266,0.0116445869064633,0.554878342257643,0.0520624114632122,0.0503417159254096,1,45.3589363408089,4.54649114351845,0.0235330773093303,3918.8303002274,1,0.00286319795029998,393.284407632676,157.31376305307,0.778981453877158,11.0509273061421,131.103993550381
"71",20.6,30.6,25.6,14.1,5,0,1100.94318750734,0.0111098756837349,0.615143666020251,0.0496757717373386,0.0470909075603787,1,45.5941066888369,4.5486299500084,0.023461428813473,3977.1261556403,1,0.00272362588445052,395.127757631272,158.051103052509,0.778981453877158,11.0509273061421,127.413131554259
"72",20,30.6,25.3,21.6,5.6,23.9,1122.2426201942,0.0126085943290685,0.610032835677164,0.056363659070839,0.0456479220514512,1,45.8131740752688,4.55810585659677,0.0217957466872718,4023.75706105562,1,0.0028709081878368,398.104315240421,159.241726096169,0.778981453877158,11.0509273061421,147.213710898509
"73",18.9,32.2,25.55,22.4,5.1,2.5,1143.7722117756,0.0124694902931765,0.624293213781702,0.0557431243850364,0.0419485408608209,1,46.0129442652583,4.55809768445002,0.0197894756563319,4053.97941997633,1,0.00257794689727288,400.876123744369,160.350449497748,0.778981453877158,11.0509273061421,145.893036430165
"74",19.4,30.6,25,19.1,5.2,0.5,1164.73379571384,0.0121799702700981,0.622978248400191,0.0544514555381117,0.0437877368750785,1,46.2148792752975,4.55971512657558,0.0199235859597451,4070.36571238121,1,0.00253527675174461,403.200465470369,161.280186188147,0.778981453877158,11.0509273061421,142.505652160148
"75",20.6,30.6,25.6,11.5,2.8,3.8,1186.3237056868,0.0123266376562403,0.620235589921505,0.0551058225987622,0.0232974713127959,1,46.3185967079351,4.55464986869716,0.0101988536898812,4077.24904014927,1,0.00131340064148793,403.92546262447,161.570185049788,0.778981453877158,11.0509273061421,144.221660578011
"76",20.6,30,25.3,27,5.2,28.7,1207.5993724686,0.0144480952638476,0.62162596009528,0.0645652839863882,0.0369137470091199,1,46.4815168364655,4.56591030736187,0.0160037525614925,4079.08424689384,1,0.00241473382893439,407.054957666769,162.821983066708,0.778981453877158,11.0509273061421,169.042714587017
"77",20.6,31.1,25.85,12.7,3.2,0,1229.40400697475,0.0142375504277277,0.641503797552871,0.0636269667190801,0.0230520783663704,1,46.584449369958,4.55558334280794,0.0100659713993203,4072.48326870211,1,0.00149673627546097,407.96736810029,163.186947240116,0.778981453877158,11.0509273061421,166.579340004414
"78",20.6,31.7,26.15,15.2,3.4,0,1251.52356487494,0.0140145273981535,0.639551334808278,0.0626329162757873,0.0248826049434885,1,46.6938849427519,4.56035928163505,0.01068802758099,4058.39280108516,1,0.00156440275514571,409.108756350444,163.643502540178,0.778981453877158,11.0509273061421,163.969970558396
"79",20,30.6,25.3,17.6,4.3,2.8,1272.76673474449,0.013972699444302,0.63747811241521,0.0624464682840884,0.0315633813482969,1,46.8303540870022,4.56628222377249,0.013306681950902,4038.84294717275,1,0.00194189628537344,410.749270332328,164.299708132931,0.778981453877158,11.0509273061421,163.480583498333
"80",18.9,31.1,25,18.4,5,0,1293.69981555668,0.0187741924151559,0.637088706834927,0.0838173971579117,0.0273151836031321,1,46.9481122596953,4.56715118334102,0.0114556124171372,4016.22150848925,1,0.00224388633895678,412.731070746894,165.092428298758,0.778981453877158,11.0509273061421,219.658051257324
"81",19.4,33.3,26.35,26.5,5,0,1315.9383099206,0.0184252113607018,0.680513056185472,0.0822664766193655,0.0278325443752728,1,47.0765785052638,4.56688140572328,0.0124624627952605,3984.99106318695,1,0.00239593562419344,415.778700860868,166.311480344347,0.778981453877158,11.0509273061421,215.574972920211
"82",20,33.9,26.95,8.9,2.4,0,1338.80275923481,0.0182584545558907,0.677449519545052,0.0815252449117465,0.0134816364331575,1,47.1386215240217,4.5534290956131,0.00599314272793548,3945.41980464028,1,0.00114181332135356,416.266483511751,166.5065934047,0.778981453877158,11.0509273061421,213.623918303921
"83",21.7,34.4,28.05,22.1,4.7,0,1362.80610522061,0.0179325974236398,0.675980221158732,0.0800765548512001,0.0268812861106118,0.994444444444444,47.2636303710294,4.56240082947024,0.0120672166484475,3895.32262810954,1,0.00224564648000297,418.648665297738,167.459466119095,0.778981453877158,11.0509273061421,209.811389856586
"84",21.1,31.7,26.4,13.8,3.3,0,1385.11221123202,0.0177047792772786,0.673099068794444,0.0790635235015615,0.0191169589386467,1,47.3520335024435,4.55583094177661,0.00850543665512243,3840.97203239717,1,0.00157152448614889,419.689643117363,167.875857246945,0.778981453877158,11.0509273061421,207.14591754416
"85",21.7,27.2,24.45,20.3,4.2,6.9,1405.40854502169,0.0180054435646999,0.671076951819809,0.080400442557921,0.023924388711743,1,47.4624701482642,4.55988351820347,0.0106100301882807,3784.72160050024,1,0.00199353301135536,421.632141683627,168.652856673451,0.778981453877158,11.0509273061421,210.663689706988
"86",20.6,28.9,24.75,21.7,4.1,0,1426.00942514002,0.0177221254481331,0.673744301591629,0.0791406619110604,0.0237281257117564,1,47.5721801504628,4.55819920226741,0.010512027048596,3720.0802229948,1,0.00194417126855175,423.657190476951,169.46287619078,0.778981453877158,11.0509273061421,207.348867743157
"87",19.4,30,24.7,7.5,3.2,0,1446.56367516944,0.0175018239454484,0.671231140992445,0.0781609111776584,0.0187526242537985,1,47.6583021210284,4.55377854502706,0.00822900448323151,3647.61768578382,1,0.00150309103776456,424.198303250546,169.679321300218,0.778981453877158,11.0509273061421,204.771340161747
"88",18.3,30,24.15,20.4,4.7,186.4,1466.55363740858,0.0218888888888889,0.669270160650826,0.0976406980903517,0.0220226474033581,1,47.6957507816119,4.55398409753326,0.00357559325467116,3569.28838105356,1,0.000815882011325387,424.997214916036,169.998885966414,0.778981453877158,11.0509273061421,256.1
"89",20.6,31.7,26.15,9.1,1.8,2.3,1488.52887537509,0.0218888888888889,0.707148493440493,0.0976406980903517,0.00843420538852011,1,47.7119334606378,4.55056042274402,0.00154343480483787,3472.32922097195,1,0.000352182310243378,425.15104814915,170.06041925966,0.778981453877158,11.0509273061421,256.1
"90",18.9,29.4,24.15,8.3,1.8,9.7,1508.44554304028,0.0218888888888889,0.707148493440493,0.0976406980903517,0.00843420538852011,1,47.8478132280186,4.56256226992228,0.012956911885253,3375.16053871709,1,0.00295651954139237,426.328925534441,170.531570213776,0.778981453877158,11.0509273061421,256.1
"91",18.9,31.7,25.3,16.1,3.3,0,1529.54588862873,0.0216495463218783,0.707148493440493,0.0965797407068529,0.0156336550165719,1,48.1002956108885,4.57928379979106,0.0240370349272168,3261.00743474811,1,0.00542519436972781,430.521515743367,172.208606297347,0.778981453877158,11.0509273061421,253.299691965976
"92",19.4,32.8,26.1,21.7,4.4,0,1551.47392281133,0.021331325563649,0.705148271076293,0.095168792637111,0.021155837218625,1,48.4402472059868,4.58554679402568,0.0321811724122368,3129.36881847804,1,0.00715722704798882,437.976483436552,175.190593374621,0.778981453877158,11.0509273061421,249.576509094693
"93",20,32.2,26.1,9.8,2.6,0,1573.40764768744,0.0211439984745856,0.702476583987441,0.0943380302948624,0.0126119317964949,1,48.6408792765204,4.55891773515975,0.0188044525140578,2983.77385734715,1,0.00414568089951354,439.926611731683,175.970644692673,0.778981453877158,11.0509273061421,247.384782152652
"94",21.1,30,25.55,19.6,3.8,0.3,1594.77828572037,0.0208964692574157,0.700897333528087,0.0932400808616702,0.0186511694843031,1,48.9366407085528,4.57483479896004,0.0276492148186158,2827.97141412537,1,0.00602467767792526,445.594628491075,178.23785139643,0.778981453877158,11.0509273061421,244.488690311764
"95",21.7,26.7,24.2,15.5,3.2,14.5,1614.76260750685,0.0218888888888889,0.698803202844296,0.0976406980903517,0.0149941429129246,1,49.1722143827748,4.5628521355089,0.0218596590775072,2669.7653593507,1,0.00498795622006064,449.3056679188,179.72226716752,0.778981453877158,11.0509273061421,256.1
"96",22.2,26.7,24.45,13.1,3.2,40.1,1634.98806071724,0.0218888888888889,0.707148493440493,0.0976406980903517,0.0149941429129246,1,49.3751939490944,4.55970044598047,0.0187447571350599,2496.78456753463,1,0.00427719515724533,451.995168233676,180.79806729347,0.778981453877158,11.0509273061421,256.1
"97",21.7,30,25.85,22.9,4.8,0,1656.65451313855,0.0215407542459643,0.707148493440493,0.0960974146402782,0.0228547100387595,1,49.684562894545,4.57241532718743,0.0284708816083723,2297.8523941316,1,0.00639382862961608,459.02326466335,183.60930586534,0.778981453877158,11.0509273061421,252.026824677783
"98",20,30,25,26.4,4.8,2.5,1677.45195549754,0.0214077284351742,0.704236455945179,0.0955075878021119,0.0229967272706431,1,49.9924690226089,4.55976288928376,0.0280838086931358,2096.38753910837,1,0,459.02326466335,183.60930586534,0.778981453877158,11.0509273061421,250.470422691538
"99",20.6,30,25.3,27.4,5.1,0,1698.56056090745,0.0210399429487716,0.70311931224024,0.0938765056911606,0.024861137900921,1,50.3225310188943,4.589867512465,0.0301046231812377,1884.35749308705,1,0,459.02326466335,183.60930586534,0.778981453877158,11.0509273061421,246.167332500628
"100",19.4,31.7,25.55,13.6,3.1,34.8,1719.93302350249,0.0218888888888889,0.700018026484164,0.0976406980903517,0.0145255759468957,1,50.4958685638176,4.60567745584474,0.0158099433797333,1666.75182145475,1,0,459.02326466335,183.60930586534,0.778981453877158,11.0509273061421,256.1
"101",20,31.1,25.55,12.1,2.9,15.2,1741.2906903786,0.0218888888888889,0.707148493440493,0.0976406980903517,0.013588442014838,1,50.6518108788946,4.61990079778122,0.0142233419364797,1451.98559504854,1,0,459.02326466335,183.60930586534,0.778981453877158,11.0509273061421,256.1
"102",20.6,30.6,25.6,11.5,2.9,0.8,1762.69982151225,0.021746933610498,0.707148493440493,0.097011465560721,0.0136771419255317,1,50.8092044300248,4.63425650550054,0.0143557077193266,1245.81172620849,1,0,459.02326466335,183.60930586534,0.778981453877158,11.0509273061421,254.439123242827
"103",20.6,30,25.3,25.5,4.8,3.8,1783.80259713555,0.021724168865458,0.705963110584767,0.0969105510721608,0.0226617503922313,1,51.0701276303442,4.65805504854172,0.0237985430411773,1057.06376140678,1,0,459.02326466335,183.60930586534,0.778981453877158,11.0509273061421,254.172775725859
"104",20.6,29.4,25,24,5,5.1,1804.59693616915,0.0217981315548718,0.705772755643043,0.0972384151003844,0.0235258931037095,1,51.3397196083916,4.68264426209293,0.024589213551207,889.315543915221,1,0,459.02326466335,183.60930586534,0.778981453877158,11.0509273061421,255.038139192001
"105",21.7,30.6,26.15,23.5,5.2,0,1826.57379147712,0.0214213897114296,0.706390956454176,0.0955681640116945,0.0248972331168957,1,51.624155131345,4.7085873404668,0.025943078373876,735.297269847499,1,0,459.02326466335,183.60930586534,0.778981453877158,11.0509273061421,250.630259623726
"106",21.1,30,25.55,20.7,4.7,0,1847.93958061338,0.021082394787261,0.703234151200757,0.0940648001233884,0.0228651102929995,1,51.8825905285466,4.73215897348425,0.0235716330174479,608.456822431523,1,0,459.02326466335,183.60930586534,0.778981453877158,11.0509273061421,246.664019010954
"107",21.1,32.2,26.65,14.6,4,0,1870.44425700305,0.0207950606587014,0.700376938364043,0.0927902036148585,0.0197285507837528,1,52.1038818600145,4.75234273357203,0.020183760087774,499.276679631988,1,0,459.02326466335,183.60930586534,0.778981453877158,11.0509273061421,243.302209706807
"108",21.1,31.1,26.1,3.4,1,0,1892.38763869515,0.0207234767748492,0.69794286755948,0.0924726144215531,0.00494917448835508,1,52.1590849612359,4.75737775299083,0.00503501941880197,413.811863556804,1,0,459.02326466335,183.60930586534,0.778981453877158,11.0509273061421,242.464678265735
"109",21.1,32.8,26.95,19.3,5,0,1915.20804228545,0.0203658692249959,0.697334722213902,0.0908857715715248,0.0251803891675346,1,52.4421894444383,4.78319942856584,0.0258216755750143,344.447904401213,1,0,459.02326466335,183.60930586534,0.778981453877158,11.0509273061421,238.280669932452
"110",21.7,29.4,25.55,20.2,4.4,0,1936.5923982065,0.0200525502779519,0.694286303108939,0.0894950746549497,0.0225049704415026,1,52.6921773610401,4.80600057536207,0.0228011467962329,293.686852222201,1,0,459.02326466335,183.60930586534,0.778981453877158,11.0509273061421,234.614838252037
"111",21.1,31.1,26.1,25.1,4.7,0,1958.54928732151,0.0197191629583682,0.691601354455519,0.0880149191127402,0.0244458288147933,1,52.9611866290632,4.83053664051721,0.0245360651551402,253.718950066557,1,0,459.02326466335,183.60930586534,0.778981453877158,11.0509273061421,230.714206612908
"112",19.4,31.1,25.25,24.8,4.8,2.5,1979.63583417823,0.0195937710245176,0.688730143411842,0.0874581096233997,0.0251257244810951,1,53.2343564471641,4.85545218526627,0.0249155447490574,224.231542935784,1,0,459.02326466335,183.60930586534,0.778981453877158,11.0509273061421,229.247120986855
"113",21.7,29.4,25.55,20.7,5.4,11.7,2001.03396778454,0.0202129206803256,0.687646454790964,0.0902069383789219,0.0274005999729293,1,53.529720729857,4.88239206483961,0.0269398795733383,201.482462378841,1,0,459.02326466335,183.60930586534,0.778981453877158,11.0509273061421,236.49117195981
"114",21.7,31.1,26.4,23.4,5.4,1.3,2023.29713689737,0.0199402289998563,0.692977262575814,0.0889964403577594,0.0277753156119794,1,53.8291012851886,4.90969826460656,0.0273061997669477,183.77295324613,1,0,459.02326466335,183.60930586534,0.778981453877158,11.0509273061421,233.300679298319
"115",21.7,32.2,26.95,8.1,2.4,0,2046.13237892029,0.0197702263769475,0.690635655566971,0.0882416531746255,0.0124507348302732,1,53.9618276939232,4.92180410704259,0.012105842436034,170.351895177567,1,0,459.02326466335,183.60930586534,0.778981453877158,11.0509273061421,231.311648610286
"116",21.1,31.7,26.4,15.5,4.1,10.9,2068.403769855,0.0204120451249205,0.68917086356009,0.0910906980031203,0.0206012096259491,1,54.1817268684742,4.94186088989619,0.0200567828535999,160.638212005333,1,0,459.02326466335,183.60930586534,0.778981453877158,11.0509273061421,238.82092796157
"117",21.1,28.9,25,11.9,3.2,0,2089.2205144485,0.0201840472929423,0.694680894308633,0.0900787798838585,0.0162606202532973,1,54.3559179061246,4.95774867949036,0.0158877895941649,153.778087957824,1,0,459.02326466335,183.60930586534,0.778981453877158,11.0509273061421,236.153353327425
"118",21.1,24.4,22.75,17.7,3.9,15,2107.72206446845,0.0211890066574332,0.692729793900936,0.0945376456218401,0.0188777136402323,1,54.5570374014561,4.97609258666385,0.0183439071734879,149.034698345498,1,0,459.02326466335,183.60930586534,0.778981453877158,11.0509273061421,247.911377891969
"119",20,28.3,24.15,24.8,5.1,0,2127.65009306527,0.0208221847317088,0.701277210943696,0.0929105373992603,0.0251211354532054,1,54.8270796981444,5.00072287332601,0.0246302866621649,145.136262475138,1,0,459.02326466335,183.60930586534,0.778981453877158,11.0509273061421,243.619561360993
"120",18.9,29.4,24.15,23.5,5.3,0,2147.5841280768,0.0204426649840704,0.698173120655609,0.0912265832182504,0.0265909432069315,1,55.4805919038889,5.06032906525264,0.0596061919266285,142.166826642147,1,0,459.02326466335,183.60930586534,0.778981453877158,11.0509273061421,239.179180313624
"121",17.8,30.6,24.2,19.3,4.6,0,2167.57593982942,0.0201147947256543,0.694942395555914,0.089771380702695,0.0234551174013796,1,56.0459461032758,5.11189445396147,0.0515653887088309,139.902414806335,1,0,459.02326466335,183.60930586534,0.778981453877158,11.0509273061421,235.343098290155
"122",20.6,28.3,24.45,23.3,5.5,64.3,2187.83089300123,0.0218888888888889,0.692135790430459,0.0976406980903517,0.0257711831315892,1,56.5552535242688,5.15834787230395,0.0464534183424843,138.165038421962,1,0,459.02326466335,183.60930586534,0.778981453877158,11.0509273061421,256.1
"123",20,28.3,24.15,25,5.9,1.8,2207.74756066642,0.0216148195441403,0.707148493440493,0.0964257856050206,0.027995986915017,1,57.1137401659797,5.20928687797463,0.0509390056706774,136.863540862735,1,0,459.02326466335,183.60930586534,0.778981453877158,11.0509273061421,252.893388666441
"124",19.4,30.6,25,24.7,5.2,0.3,2228.54374872949,0.0212645366260364,0.704857394521619,0.0948726107157543,0.0250808819732435,1,57.6056965939491,5.25415772967001,0.0448708516953829,135.842671955678,1,0,459.02326466335,183.60930586534,0.778981453877158,11.0509273061421,248.795078524626
"125",21.7,31.1,26.4,24.6,5.9,5.8,2250.78761432738,0.0213355151173743,0.701914075048988,0.0951873710520967,0.0283624839521885,1,58.1540787027771,5.30417511104501,0.0500173813749951,135.038820084836,1,0,459.02326466335,183.60930586534,0.778981453877158,11.0509273061421,249.62552687328
"126",20,30,25,18.7,5,1,2271.58854039282,0.0210607227162845,0.702511848791796,0.0939686748485686,0.0243496160947977,1,58.6188316572983,5.34656476124917,0.0423896502041567,134.474245418139,1,0,459.02326466335,183.60930586534,0.778981453877158,11.0509273061421,246.410455780529
"127",21.7,29.4,25.55,6.5,2,0,2292.96063838003,0.0209170932309299,0.700193741103791,0.0933315699930137,0.00980672614801392,1,58.8034362038778,5.36340235653388,0.0168375952847096,134.042165990212,1,0,459.02326466335,183.60930586534,0.778981453877158,11.0509273061421,244.72999080188
"128",20,28.3,24.15,15.9,3.6,0,2312.89311594456,0.0206590090452696,0.698978002829934,0.0921865806665088,0.017872627308584,1,59.1388211832697,5.39399248365808,0.0305901271242075,133.735988969148,1,0,459.02326466335,183.60930586534,0.778981453877158,11.0509273061421,241.710405829654
"129",18.3,28.3,23.3,17.7,4.4,0,2331.95406103053,0.0203445618313149,0.696786440013304,0.0907912077827526,0.0221819499001166,1,59.5505406089316,5.43154499895956,0.0375525153014769,133.510877971935,1,0,459.02326466335,183.60930586534,0.778981453877158,11.0509273061421,238.031373426384
"130",18.3,30,24.15,19.1,4.6,0,2351.89596954506,0.0200170870637719,0.694104126857324,0.089337645606713,0.0235696068210021,1,59.9817880151607,5.47087864175553,0.0393336427959666,133.332004584063,1,0,459.02326466335,183.60930586534,0.778981453877158,11.0509273061421,234.199918646132
"131",18.9,31.1,25,23,5.4,0,2372.71955034314,0.0196342150815238,0.691296634614615,0.0876377095772507,0.0282082146674319,1,60.4901405053538,5.51724496181883,0.0463663200633053,133.191864997369,1,0,459.02326466335,183.60930586534,0.778981453877158,11.0509273061421,229.720316453829
"132",20,32.8,26.4,18.8,5.7,0,2394.99347852102,0.0192320019102939,0.68799621394599,0.0858513497105058,0.0303980515051047,1,61.0279568937872,5.56629865444838,0.0490536926295512,133.081632266438,1,0,459.02326466335,183.60930586534,0.778981453877158,11.0509273061421,225.014422350438
"133",20,31.7,25.85,3.7,0.7,0,2416.70758833094,0.0191828577171978,0.684508403838374,0.0856330462404966,0.00374265778609755,1,61.092829490748,5.57221561886196,0.00591696441357222,133.00199863427,1,0,459.02326466335,183.60930586534,0.778981453877158,11.0509273061421,224.439435291214
"134",20.6,31.7,26.15,23.2,4.7,0,2438.73207580451,0.0188530956863694,0.684080808633288,0.08416799830789,0.0255688132108617,1,61.5370782760725,5.61273510438718,0.0405194855252249,132.94238257408,1,0,459.02326466335,183.60930586534,0.778981453877158,11.0509273061421,220.581219530522
"135",21.1,30,25.55,22.1,4.4,0,2460.14357840223,0.0185456807431497,0.681203567361889,0.0828019047979538,0.0243335393039559,1,61.9527771229644,5.6506505787023,0.0379154743151168,132.899253619719,1,0,459.02326466335,183.60930586534,0.778981453877158,11.0509273061421,216.984464694852
"136",22.2,31.7,26.95,22.7,4.8,0,2483.00568140319,0.0182116456400475,0.678508803176286,0.0813171636764887,0.0270325758604211,1,62.407658947227,5.6921398930297,0.0414893143274047,132.865662936902,1,0,459.02326466335,183.60930586534,0.778981453877158,11.0509273061421,213.076253988556
"137",21.7,28.9,25.3,12.6,3,40.4,2504.17076872375,0.0214567702743611,0.675567160703126,0.0957250436025623,0.014340103555099,1,62.6453221735943,5.71381691720803,0.0216770241783242,132.84244358861,1,0,459.02326466335,183.60930586534,0.778981453877158,11.0509273061421,251.044212210025
"138",21.1,22.2,21.65,11.7,3,106.2,2521.52031823606,0.0218888888888889,0.703531446701191,0.0976406980903517,0.0140570089808668,1,62.7915399194099,5.7271532909491,0.0133363737410755,132.827419211985,1,0,459.02326466335,183.60930586534,0.778981453877158,11.0509273061421,256.1
"139",20.6,31.1,25.85,17,3.9,1.3,2543.18677065737,0.0217171406026238,0.707148493440493,0.0968793948824351,0.0184186310398374,1,62.9848895677328,5.74478851818062,0.0176352272315217,132.813497406106,1,0,459.02326466335,183.60930586534,0.778981453877158,11.0509273061421,254.090545050698
"140",20.6,28.9,24.75,18.2,4.2,0,2563.72387128326,0.0214131407377689,0.705713971984568,0.0955315868726525,0.0201170503684885,1,63.1953702708826,5.76398625171723,0.0191977335366023,132.803557200688,1,0,459.02326466335,183.60930586534,0.778981453877158,11.0509273061421,250.533746631896
"141",19.4,28.9,24.15,19,4.2,0,2583.64824737199,0.021110238972588,0.703164812027124,0.0941882988963887,0.0204057012963516,1,63.4073198488845,5.78331795985381,0.0193317081365859,132.796232144975,1,0,459.02326466335,183.60930586534,0.778981453877158,11.0509273061421,246.98979597928
"142",20,30,25,21.1,4.5,3.6,2604.45301069691,0.0210945717962556,0.700612215386784,0.0941188098053383,0.0218794894722815,1,63.6331480556062,5.80391552377684,0.0205975639230279,132.790492494151,1,0,459.02326466335,183.60930586534,0.778981453877158,11.0509273061421,246.806490016191
"143",21.1,27.2,24.15,12.7,3.2,26.9,2624.38258219812,0.0218888888888889,0.700479844332877,0.0976406980903517,0.0149941429129246,1,63.7779620997692,5.8171238673,0.0132083435231609,132.786315541666,1,0,459.02326466335,183.60930586534,0.778981453877158,11.0509273061421,256.1
"144",20,30,25,21.4,4.5,0,2645.17414224137,0.0215625126611471,0.707148493440493,0.0961938834713372,0.0214046697057757,1,63.9872344296514,5.8362113863245,0.0190875190245033,132.783042041414,1,0,459.02326466335,183.60930586534,0.778981453877158,11.0509273061421,252.281398135421
"145",18.3,29.4,23.85,21.5,5.3,0,2664.78722414204,0.0211795977448549,0.704418949782872,0.0944959168787509,0.0256657255788437,1,64.2361612725302,5.85891575365215,0.0227043673276468,132.78068647201,1,0,459.02326466335,183.60930586534,0.778981453877158,11.0509273061421,247.801293614802
"146",20,28.9,24.45,21.8,5,0,2685.02437042402,0.0208200091187658,0.701197820873691,0.0929008855662041,0.0246311377624849,1,64.4723527111409,5.88045853754739,0.0215427838952419,132.778848386491,1,0,459.02326466335,183.60930586534,0.778981453877158,11.0509273061421,243.59410668956
"147",17.2,30.6,23.9,8.1,2.2,0,2704.70089503143,0.0206624767861736,0.698154655806538,0.0922019669062093,0.0109203280892257,1,64.5759015073024,5.88990311924536,0.0094445816979713,132.777486327274,1,0,459.02326466335,183.60930586534,0.778981453877158,11.0509273061421,241.750978398231
"148",18.3,30.6,24.45,12,2.6,0,2724.94665169641,0.020476659200421,0.696815946572147,0.0913774392207625,0.0130229577030409,1,64.6995597760467,5.90118186574052,0.0112787464951584,132.776426401502,1,0,459.02326466335,183.60930586534,0.778981453877158,11.0509273061421,239.576912644926
"149",18.9,30.6,24.75,9,2.8,0,2745.50466272444,0.0202770026682425,0.695232567407237,0.0904913644035263,0.0141628174478303,1,64.8339927849397,5.91344336546297,0.0122614997224506,132.775615933419,1,0,459.02326466335,183.60930586534,0.778981453877158,11.0509273061421,237.240931218437
"150",19.4,31.7,25.55,14.1,3.2,0,2766.89059606473,0.0200493838453291,0.693526101064388,0.0894810183421746,0.0163698361374627,1,64.9892776146228,5.92760673881701,0.0141633733540373,132.774988261328,1,0,459.02326466335,183.60930586534,0.778981453877158,11.0509273061421,234.57779099035
