"","TemperatureAirMin","TemperatureAirMax","TemperatureAirMean","Radiation","PET","Rainfall","ThermalTime","WaterStress","WaterStressConductance","WaterStressRUE","WaterSupplyDemandRatio....WaterDemand.WaterAvailable","ThermalStressRUE....ThermalStressRUE","NitrogenAbsorbed....NitrogenAbsorbed","NitrogenNutritionIndex....NNI","NitrogenStressRUE....NitrogenStressRUE","LAI","RIE","RUE","CropBiomass","CropYield","a_water_stress"
"1",12,18.2,15.1,19.44,4.3,0,0,1,0,1,0,1,0,0,1,0,0,0,0,236.233462180213,-9.98580614903476
"2",12.4,16.1,14.25,10.05,3.6,0,9.45,0.645535472659914,1,0.993826484506961,0,0.62171052631579,0,0,1,0,0,0.617872386749394,0,236.233462180213,-9.98580614903476
"3",10.9,14.4,12.65,2.09,0.8,19,17.3000000000002,0.348734289254735,0.999999999999748,0.915515331567746,0,0.516447368421053,0,0,1,0,0,0.47281548373729,0,236.233462180213,-9.98580614903476
"4",9.5,16.1,12.8,7.61,1.9,2.5,25.3000001251302,0.236296029746911,0.999999843587439,0.784676225117719,0,0.526315789473684,0,0,1,0,0,0.412987486904063,0,236.233462180213,-9.98580614903476
"5",4.1,19,11.55,19.72,2.6,0,32.0500166392366,0.181074178891548,0.999975534657321,0.669759553740972,0,0.444078947368421,0,0,1,0,0,0.297426117615234,0,236.233462180213,-9.98580614903476
"6",10,21.4,15.7,20.91,3.1,0,42.9503354581578,0.137096790409905,0.999707505576882,0.546591851697316,0,0.717105263157895,0,0,1,0,0,0.391963893651365,0,236.233462180213,-9.98580614903476
"7",8.9,24.7,16.8,20.87,3.9,2.5,54.9528633082991,0.111898114633726,0.997893458215507,0.462702122663517,0,0.789473684210526,0,0,1,0,0,0.365291149471198,0,236.233462180213,-9.98580614903476
"8",11.9,16.1,14,8.96,2.2,1.5,64.1588502272714,0.0959688223115333,0.993492479377935,0.404870325221517,0,0.605263157894737,0,0,1,0,0,0.245053091581445,0,236.233462180213,-9.98580614903476
"9",5,20.2,12.6,23.6,3.2,0,71.9691643615359,0.0843159853584963,0.986776750942982,0.360372589767282,0,0.513157894736842,0,0,1,0,0,0.184928039485842,0,236.233462180213,-9.98580614903476
"10",4.5,25.1,14.8,23.35,3.3,0,81.9912858952854,0.0737567986024587,0.977878466250551,0.318576192420268,0,0.657894736842105,0,0,1,0,0,0.209589600276492,0,236.233462180213,-9.98580614903476
"11",10.2,22,16.1,18.82,3.3,0,93.3309289388251,0.0648603994147948,0.964917660584269,0.282365160891352,0,0.743421052631579,0,0,1,0,0,0.209916205136334,0,236.233462180213,-9.98580614903476
"12",11.5,18.2,14.85,14.27,2.7,0,103.432623872161,0.0583474265702365,0.948562255386736,0.255328536943967,0,0.661184210526316,0,0,1,0,0,0.168819197124136,0,236.233462180213,-9.98580614903476
"13",11.5,20.8,16.15,18.5,3.5,0,114.859510742487,0.0524938924561288,0.932258264030309,0.230682463602652,0,0.746710526315789,0,0,1,0,0,0.172253023808559,0,236.233462180213,-9.98580614903476
"14",6.1,22.5,14.3,24.41,3.6,0,124.441555722955,0.0481224765352017,0.913636862665183,0.21207978788955,0,0.625,0,0,1,0,0,0.132549867430969,0,236.233462180213,-9.98580614903476
"15",5.6,23.3,14.45,24.99,3.8,0,134.191119278579,0.0443364085503176,0.896825330959399,0.195842387086472,0,0.634868421052632,0,0,1,0,0,0.124334147064767,0,236.233462180213,-9.98580614903476
"16",4,24.6,14.3,25.45,4.2,0,143.805131683692,0.041067441304291,0.879986941987144,0.181735419733453,0,0.625,0,0,1,0,0,0.113584637333408,0,236.233462180213,-9.98580614903476
"17",10.1,23.8,16.95,25.01,5,0,156.120872879099,0.0377250615044355,0.863587493491766,0.167233934134195,0,0.799342105263158,0,0,1,1.83020573745725,0.807408740778045,0.133677124982267,129.570302381307,236.233462180213,-9.98580614903476
"18",8.4,21.4,14.9,19.7,3.9,0,166.377514618063,0.0338263226819384,0.844909169342144,0.150227122088606,0.055187407845351,0.664473684210526,0.737098265391881,0.140014822198306,0.140014822198306,3.23168535991408,0.945443413083677,0.0139765552805825,142.065500617191,236.233462180213,-9.98580614903476
"19",10.6,18.2,14.4,20.43,4,1,176.149794290372,0.0306799017099825,0.820542008011671,0.136436394343057,0.0690532602188716,0.631578947368421,1.59262935803414,0.286796014620126,0.154061525059582,4.4616578921433,0.981965922255701,0.0132755362017612,154.849245403452,236.233462180213,-9.98580614903476
"20",8.9,10.3,9.6,2.32,0.7,12,181.046383805568,0.0345969108646593,0.798771843342115,0.153595921941624,0.0107360585018195,0.315789473684211,1.71456528032671,0.293703112488558,0.0208874869405179,5.15746140068747,0.990358853641942,0.00101312615168605,154.96097940091,236.233462180213,-9.98580614903476
"21",8.2,18.7,13.45,18.49,2.9,5,189.847253217182,0.0329618846835994,0.825584495243971,0.146443884231744,0.0448581128553164,0.569078947368421,2.22366681851863,0.380752311946364,0.0871720466698148,6.35932354175784,0.996731392375252,0.00726475548737247,161.387520464929,236.233462180213,-9.98580614903476
"22",11.7,16.8,14.25,7.74,1.7,2.5,199.472313838912,0.0313901702558219,0.814750664836271,0.139554316950033,0.0264653395866916,0.62171052631579,2.50690809374185,0.419252479689724,0.0473689511331735,7.60928842178894,0.998938804928105,0.00410984330982098,162.912789124326,236.233462180213,-9.98580614903476
"23",6.2,22.8,14.5,22.42,3.6,0,209.362576328015,0.0285854273243186,0.803853104016895,0.127226586904186,0.0588253258136768,0.638157894736842,3.11671817223885,0.518400399248836,0.101429057966996,8.76922805182347,0.999626392675512,0.0082350912317805,171.771753893176,236.233462180213,-9.98580614903476
"24",11.6,21.3,16.45,13.05,2.9,6,221.265127441396,0.0283718633492475,0.78321792842888,0.126286243583641,0.0453935915452794,0.766447368421053,3.55582714423807,0.573548863901824,0.07082752951795,10.1241865950924,0.999889640565811,0.00685552117209079,176.065578439025,236.233462180213,-9.98580614903476
"25",9.8,16.1,12.95,14.03,2.8,3.5,229.59313640553,0.0273696641311521,0.78158409308615,0.121870455920267,0.0437280904894068,0.536184210526316,3.96058729938499,0.629752938853488,0.0643588634630405,11.8444544266642,0.999976535196525,0.00420553084650793,178.897684675922,236.233462180213,-9.98580614903476
"26",5.1,17.4,11.25,11.52,2,10.5,236.18903621352,0.0264998654829163,0.773798747302668,0.11803411728361,0.0312370647464748,0.424342105263158,4.20563504488674,0.662556079559592,0.038604841321634,13.3839247137736,0.999994129273943,0.00193359473522107,179.966878943726,236.233462180213,-9.98580614903476
"27",8.3,15.7,12,18.3,3.4,2,243.556879479819,0.0252544159355022,0.766884352363522,0.112534818505585,0.0538958464907997,0.473684210526316,4.61593291361481,0.724685525426553,0.0644153483478041,15.4602942993085,0.999999094034734,0.00343372241145512,182.983057977393,236.233462180213,-9.98580614903476
"28",9.2,16.1,12.65,16.68,3.2,0,251.597846274093,0.0234736895253951,0.756730198375931,0.104660089686147,0.0527506252782296,0.516447368421053,4.99712048446454,0.777004095025651,0.0592709950548373,17.9327347402476,0.999999902113899,0.0032036819155972,185.548053615219,236.233462180213,-9.98580614903476
"29",8.2,18.6,13.4,13.7,2.5,1.5,260.41998533502,0.022445550849956,0.741698766363974,0.100107406233556,0.0416260866663891,0.56578947368421,5.28125924206238,0.814581552462567,0.0438255688028762,20.7840682744164,0.999999992479712,0.00248226780054404,187.180392908581,236.233462180213,-9.98580614903476
"30",12,18.4,15.2,14.99,3.2,1,271.097926127475,0.0210640104417885,0.732749238024173,0.0939832574863837,0.0546569212684892,0.684210526315789,6.44111692423189,0.988443785376904,0.177989955988701,25.4133743813137,0.999999999883373,0.0114455255909363,195.415677480811,236.233462180213,-9.98580614903476
"31",11.6,17.5,14.55,11.46,2.8,8,281.120518755403,0.0219524969215683,0.720417817510041,0.0979226224627017,0.0443062379164201,0.641447368421053,7.3300325194002,1.09711270866075,0.133047240077687,30.7074793373525,0.999999999999006,0.00835699098245786,200.012691080437,236.233462180213,-9.98580614903476
"32",9.9,16.6,13.25,16.08,3.2,1.5,289.800030743537,0.0209198897773925,0.728388179723592,0.093343975512467,0.0515167856373404,0.555921052631579,8.34306667166796,1.23200971179766,0.149593424467633,35.8494206950936,0.99999999999999,0.00776268419936265,206.004241252873,236.233462180213,-9.98580614903476
"33",11.7,16.3,14,14.22,3.6,0,299.258448124673,0.0194229739782492,0.719111542243371,0.0866995884838144,0.0604768853152671,0.605263157894737,9.47444288691666,1.37533123492807,0.164233091682357,41.7997494879602,1,0.00861830667575141,211.886752657474,236.233462180213,-9.98580614903476
"34",5.8,18.6,12.2,27.49,4.2,0,306.876506455304,0.017968215368323,0.705326580227447,0.0802349210798148,0.0742515136020568,0.486842105263158,10.7784781696031,1.53928500069701,0.186230553092345,49.628137898149,1,0.0074611423025106,221.731879148483,236.233462180213,-9.98580614903476
"35",4.8,22.4,13.6,27.83,4.8,0,315.947933760509,0.0164293304297914,0.691559880449705,0.0733890694921144,0.0901492826030195,0.578947368421053,12.2502007737388,1.70398075224666,0.204713950114974,59.3632299178703,1,0.00921556194312246,234.042395414583,236.233462180213,-9.98580614903476
"36",13.3,20.6,16.95,13.96,3.7,0,328.490843444245,0.0151172358239461,0.676617544249612,0.067546619987118,0.072918572152068,0.799342105263158,13.3427124778876,1.79868492799655,0.147277724763151,72.4890721864645,1,0.00879730946957098,239.937296543953,236.233462180213,-9.98580614903476
"37",12.9,20.2,16.55,10.02,2.3,0,340.636131436001,0.0141851696058197,0.663584687867737,0.0633935080231547,0.0467334474695143,0.773026315789474,13.9955244868152,1.8596631050158,0.0867427589911085,84.6939213589595,1,0.00489535586329563,242.291766899964,236.233462180213,-9.98580614903476
"38",11.3,20.9,16.1,22.17,3.8,0,352.326917633235,0.0130552075697986,0.654171506872066,0.0583556770155476,0.081319194837854,0.743421052631579,15.0800842392929,1.9924578578951,0.143297581557956,96.2003492725361,1,0.00743045603714697,250.198960996454,236.233462180213,-9.98580614903476
"39",11.9,20,15.95,10.06,2.4,0,363.875422825179,0.0122517314975304,0.64259624040959,0.0547716292789273,0.0531123815051237,0.733552631578947,15.7383352674481,2.04105637155888,0.0853665544843413,106.833407776118,1,0.00424732007317298,252.249906913388,236.233462180213,-9.98580614903476
"40",9.4,23.4,16.4,23.09,4,2,375.899678775332,0.01166183052294,0.634262111936824,0.0521393671818098,0.0902591799300515,0.763157894736842,16.803524774668,2.16890335288206,0.137488599841071,117.730224505788,1,0.00702010846723015,260.030433529789,236.233462180213,-9.98580614903476
"41",13.3,18.6,15.95,13.67,3.4,4,387.464356881748,0.011643496083639,0.628091384380254,0.0520575432609318,0.0747012315896419,0.733552631578947,17.6255505423805,2.23527244695066,0.104249313792105,133.634459506229,1,0.00528018840100647,263.495081950993,236.233462180213,-9.98580614903476
"42",8.2,17.2,12.7,13,2.5,2,395.658316741179,0.0114151729859049,0.627898912112638,0.0510385124701955,0.0548106617407648,0.519736842105263,18.199584484611,2.29042045075579,0.0722422581583989,144.923966123858,1,0.0026003484898433,265.117699408655,236.233462180213,-9.98580614903476
"43",8.3,16.9,12.6,19.28,3.6,1,403.750427811207,0.0108271545930397,0.625498628168636,0.0484136382611209,0.0814606765231068,0.513157894736842,19.019114602214,2.38505080355705,0.102771396377233,155.911533417715,1,0.00354166660143285,268.395299348285,236.233462180213,-9.98580614903476
"44",8,19,13.5,22.33,4.1,0,412.781646604292,0.00997981010028882,0.619288743580903,0.0446299828757524,0.0984298794148446,0.572368421052632,19.9478528685557,2.48375359752906,0.115639363564053,167.591233798309,1,0.00419709975237812,272.893918746874,236.233462180213,-9.98580614903476
"45",5.1,20.6,12.85,29.53,4.7,0,421.145377965702,0.00910136542337678,0.61027160073256,0.0407061047289319,0.121178551260471,0.529605263157895,21.0035634567906,2.59011080540809,0.130187784924988,177.770810302902,1,0.00407529600083774,278.670406310302,236.233462180213,-9.98580614903476
"46",5.6,21,13.3,29.61,4.9,0,429.984661156251,0.00823509156291883,0.600843305237205,0.0368353612236572,0.136712610150392,0.55921052631579,22.0863572634121,2.69074906131665,0.131915208289815,187.717730350107,1,0.00403521499264832,284.405576675053,236.233462180213,-9.98580614903476
"47",9.2,22,15.6,26.53,4.5,0,441.225871595566,0.00744150692314988,0.591471815448939,0.0332884394353867,0.135623925278954,0.710526315789474,23.0526383916663,2.77548147725067,0.116337892770481,199.155943955484,1,0.00420168107821643,289.756165427297,236.233462180213,-9.98580614903476
"48",6.6,24,15.3,28.42,5.4,0,452.163902452178,0.00658151066242354,0.582827755607873,0.0294437471881523,0.179803914557981,0.69078947368421,24.2076054786436,2.88319936183701,0.137560089165094,209.029664223618,1,0.00438647020716612,295.740012625105,236.233462180213,-9.98580614903476
"49",13.5,23,18.25,25.41,6.5,0,466.187675880522,0.00561156040146764,0.573402655505746,0.0251064556487681,0.247095682148286,0.884868421052632,25.5930574953129,3.01228542048957,0.163066757903592,225.356430927544,1,0.00586910984253825,302.898448517852,236.233462180213,-9.98580614903476
"50",15.2,21.2,18.2,23.18,6.2,0,480.173646463043,0.00474168048441448,0.562708520507146,0.0212158361424299,0.271729525824009,0.881578947368421,26.8616171944382,3.11803987844372,0.147251734749545,239.370263040579,1,0.00460567516573799,308.022906934258,236.233462180213,-9.98580614903476
"51",16,21.9,18.95,18.2,5.1,0.5,494.956055852411,0.00413106440051461,0.553067569350972,0.0184844075509736,0.249842886518044,0.930921052631579,27.8173825148071,3.19771616011389,0.109868935676935,257.691841231709,1,0.00326586538864507,310.875966937779,236.233462180213,-9.98580614903476
"52",13.9,25.7,19.8,29.73,6.7,0,510.636642306569,0.00330010752641094,0.546275697227896,0.0147669076752452,0.399933590708845,0.986842105263158,29.0909930384429,3.32628760849093,0.145625654552774,279.478402299251,1,0.00379006161496477,316.284536464798,236.233462180213,-9.98580614903476
"53",8.5,20.3,14.4,13.33,3.2,2.5,520.681116813768,0.00330794959236018,0.537005721668493,0.0148019932496839,0.186941042178157,0.631578947368421,29.5408002283313,3.34409677734574,0.050919364489325,293.665355461266,1,0.000868003717761817,316.839919963571,236.233462180213,-9.98580614903476
"54",5.7,21,13.35,24.48,3.9,0,529.626902011513,0.00285292839508807,0.537093335970255,0.0127661609790697,0.259601384418493,0.5625,30.0930244105864,3.40314533382385,0.0624496602077985,308.137380403434,1,0.000832687373951848,317.818360935459,236.233462180213,-9.98580614903476
"55",12.4,22.8,17.6,23.94,4.5,9.5,543.025934247874,0.00381468014101894,0.53200606534266,0.0170690356421175,0.219024233306458,0.842105263157895,30.4785429039474,3.44058418118669,0.043519430505348,345.408645846777,1,0.00119279749217394,319.189028389666,236.233462180213,-9.98580614903476
"56",11.5,15.4,13.45,9.91,2.2,9,552.0714558344,0.00490194826394333,0.542749610952978,0.0219327006057728,0.0819317340087835,0.569078947368421,30.6059153098087,3.44634980577136,0.0143426478756638,378.30285433493,1,0.000347393901521008,319.354276720742,236.233462180213,-9.98580614903476
"57",9.4,19.7,14.55,20.43,3.6,0.5,562.255479957322,0.00453122090199623,0.554847053413609,0.0202744348972952,0.142456682044695,0.641447368421053,30.8168659419756,3.46906214535667,0.0237467643194792,420.868033559348,1,0.000611032906455779,319.953480030128,236.233462180213,-9.98580614903476
"58",7.7,21.1,14.4,21.62,3.8,10.5,572.286780370298,0.00562576584991952,0.550728736483018,0.0251699848591618,0.119017526596475,0.631578947368421,30.9740576254117,3.48296839660502,0.0176758780602198,473.797461274868,1,0.000566475515964054,320.541345661575,236.233462180213,-9.98580614903476
"59",11.6,20.2,15.9,12.01,2.9,0,583.87199956706,0.00523799547094792,0.562865588502537,0.0234357377515579,0.0957229643937225,0.730263157894737,31.0908952352148,3.49238627654072,0.013124165836119,542.790277620918,1,0.000462522959208435,320.8079808971,236.233462180213,-9.98580614903476
"60",10,20,15,17.17,3.3,5,594.522254458953,0.00554160857137482,0.558573635399139,0.0247936160769435,0.101167614892689,0.671052631578947,32.3334081091412,3.63020446692043,0.139502021250231,625.537901992063,1,0.00487171496468384,324.823053502394,236.233462180213,-9.98580614903476
"61",12.6,21.2,16.9,14.36,3.4,7.5,607.152313243998,0.00615815428295215,0.561934888392861,0.0275507664850814,0.0919949373818074,0.796052631578947,33.4021152345747,3.7232362822086,0.119125663645103,755.817735751524,1,0.00560697833572769,328.687831529644,236.233462180213,-9.98580614903476
"62",13.7,22.5,18.1,22.59,4.8,0,621.025885333018,0.00558825342841944,0.56874279021069,0.0250022224148447,0.140233646299415,0.875,34.958787559099,3.87011309822652,0.172331432908061,892.484392627052,1,0.00828611112035221,337.672627539664,236.233462180213,-9.98580614903476
"63",13.2,22.7,17.95,18.38,4.2,0,634.751262543138,0.00510056202291503,0.562450790782737,0.0228210520763001,0.13180069296199,0.865131578947368,36.2835591688152,3.95443173347843,0.144382718043157,1036.32500786022,1,0.00641115644795565,343.328806204309,236.233462180213,-9.98580614903476
"64",13.3,21.9,17.6,22.45,4.4,0,648.118238100779,0.0046194324152762,0.557050345593047,0.020669015979164,0.149582145964329,0.842105263157895,37.6545699195414,4.06450393524415,0.147989436700393,1182.76185988931,1,0.00592169684804008,349.710026727757,236.233462180213,-9.98580614903476
"65",12.4,18.5,15.45,11,2.7,0.5,659.245667687438,0.00437842994047433,0.55170930830136,0.0195909670294605,0.0952638792863495,0.700657894736842,38.4433084436334,4.10555491161845,0.084233367331449,1311.71515822017,1,0.00270613172304448,351.138864277524,236.233462180213,-9.98580614903476
"66",8.6,26.3,17.45,30.28,5.9,0,672.466145545386,0.00380795433120875,0.549029361306095,0.0170389463968794,0.235031167877895,0.832236842105263,40.2653299649656,4.28998030429018,0.194123243179893,1463.92335181845,1,0.00657852602103742,360.700357137541,236.233462180213,-9.98580614903476
"67",15.5,23.9,19.7,23.57,6.4,0,688.04756038489,0.00321552496777156,0.542674604359901,0.0143884811660546,0.295886218391723,0.980263157894737,42.2189417094371,4.42857627210146,0.204925047056109,1631.94720367732,1,0.00707543600745633,368.705222418937,236.233462180213,-9.98580614903476
"68",17.4,27.6,22.5,25.65,7.1,0,706.568733137704,0.00259057762680989,0.536060591630522,0.0115923155727673,0.39834142053931,1,44.3602159670332,4.5943223389795,0.221768626258863,1808.15343298453,1,0.00647085569528893,376.672139950976,236.233462180213,-9.98580614903476
"69",17.2,29.7,23.45,28.93,7.2,0,726.097017940044,0.00199061773512685,0.529069811077528,0.00890777874711524,0.513749826580091,1,46.4452301168932,4.75098968284022,0.213280905049444,1961.02131400979,1,0.0049204721826642,383.504904442711,236.233462180213,-9.98580614903476
"70",18.4,31,24.7,20.78,6.3,0,746.947545889671,0.00842344320369428,0.52234776400662,0.0376770648361251,0.1037484267769,1,46.7421738232216,4.73176937599007,0.0300599869683295,2664.18564957639,1,0.0030213792078139,386.518548919753,236.233462180213,-9.98580614903476
"71",16.9,25.5,21.2,18.01,4.2,0,764.014180712154,0.0079187170329926,0.593515352144334,0.0354214333966938,0.0721264712384073,1,46.9604163205587,4.73232909841264,0.0219928910682689,3214.74284605933,1,0.00212781151721982,388.357999420159,236.233462180213,-9.98580614903476
"72",18.1,30,24.05,25.02,5.6,0,784.057218744766,0.00730779275145737,0.588032190851121,0.0326907197494226,0.101932962763965,1,47.2455678812374,4.74797215637312,0.0286564799867056,3805.76898337302,1,0.00262883552863828,391.515125736633,236.233462180213,-9.98580614903476
"73",17.9,31.8,24.85,28.01,6.2,0,804.946579704436,0.00667768124039825,0.58136610490286,0.0298737319527713,0.120778598629535,1,47.5493236608756,4.75611104285318,0.0303831076162337,4351.85123692605,1,0.00261779936199372,395.034704622846,236.233462180213,-9.98580614903476
"74",20.9,31.3,26.1,25.43,6.7,0,827.152981144562,0.00603711057494864,0.5744594177809,0.0270094990193415,0.141098021593617,1,47.8606790504703,4.76246951286462,0.0309820207324537,4849.49289726468,1,0.00248280245729983,398.065312614325,236.233462180213,-9.98580614903476
"75",17.8,26.9,22.35,27.81,7.2,0,845.462179772695,0.0054127371628149,0.567408189098329,0.0242172628572743,0.165900984854273,1,48.1801947392314,4.77305935262461,0.0316534076876482,5199.79469753531,1,0.00229967668290073,401.135105024795,236.233462180213,-9.98580614903476
"76",15.5,23.7,19.6,27.09,6.4,0,860.912626675884,0.0048838565397942,0.560508849196549,0.0218517789421853,0.160755050137931,0.973684210526316,48.4473810446405,4.77819108973848,0.0263516251297399,5454.2857123876,1,0.0016820294070623,403.322281503386,236.233462180213,-9.98580614903476
"77",15.7,25.7,20.7,21.97,5.4,0,877.52073914308,0.00443950067027922,0.554646247046207,0.0198641521849701,0.14667123787351,1,48.6564222499476,4.78369723440591,0.0205520625944828,5687.46815018629,1,0.00122474789727551,404.613851645937,236.233462180213,-9.98580614903476
"78",15.4,26,20.7,24.14,5.5,2,894.136702241589,0.00420427963907774,0.549708743076362,0.0188119318030426,0.155103017986391,1,48.84645894575,4.79348365345604,0.0186490037260941,5886.03788611331,1,0.00105247135886991,405.833371258887,236.233462180213,-9.98580614903476
"79",13.6,25.6,19.6,24.99,5.2,0,909.607007518182,0.0038066094611527,0.547091029329042,0.0170329298500269,0.159433742575378,0.973684210526316,49.0136004021401,4.801497481416,0.0163736039652811,6035.49623376496,1,0.000814653676271994,406.810564636649,236.233462180213,-9.98580614903476
"80",11.4,27.9,19.65,30.4,5.6,0,925.136158003176,0.00914439879188121,0.542659606064408,0.040898358450401,0.0703725029783274,0.976973684210526,49.0781890407272,4.80112306175539,0.00631844834352804,6361.01241380479,1,0.000757391517094478,407.915750338393,236.233462180213,-9.98580614903476
"81",12.2,31.8,22,30.47,5.9,0,943.021909984068,0.00858853129069895,0.601306987853684,0.0384147646295572,0.077602146765999,1,49.1503530320127,4.80062258917638,0.00704841502287297,6664.74024126388,1,0.0008122896123453,409.103772633825,236.233462180213,-9.98580614903476
"82",15.1,33.2,24.15,29.15,6.8,0,963.154997067075,0.0079826152570774,0.595303833071556,0.0357070162808211,0.0944696908526926,1,49.2270748061052,4.80001292384578,0.00748095450796223,6927.03952072617,1,0.000801367693235668,410.2250463102,236.233462180213,-9.98580614903476
"83",19.2,30.5,24.85,24.45,6.4,0,984.029598234356,0.00742510632826487,0.588727597365996,0.0332151279221899,0.0938238929399548,1,49.2910230103611,4.79862452869923,0.00622554377587385,7130.01645233487,1,0.00062034669870253,410.953085195797,236.233462180213,-9.98580614903476
"84",17.8,28.5,23.15,19.1,4.6,12.5,1003.14543813433,0.00812745766961976,0.582648555870427,0.0363543445937293,0.0605666522582396,1,49.3261772072681,4.79711085515669,0.00341884551235342,7294.6628721309,1,0.000372869663606464,411.294932103392,236.233462180213,-9.98580614903476
"85",17.1,26,21.55,19.52,4.6,57.5,1020.58168126834,0.0127636256909865,0.590302606560943,0.0570551932665029,0.0379692525516734,1,49.3474143217248,4.7968623023414,0.00206437389168233,7491.11633884682,1,0.000353349754092775,411.626006688987,236.233462180213,-9.98580614903476
"86",16,28.1,22.05,25.27,6,0,1038.45340329471,0.0121664375971264,0.639581433990786,0.0543910761817543,0.0511451522206858,1,49.3769591448095,4.79749478376689,0.00287059262237117,7645.24284334133,1,0.000468403866030516,412.194161842327,236.233462180213,-9.98580614903476
"87",17.3,26,21.65,17.54,4.5,0,1055.92117054507,0.0117397943329542,0.633372551716596,0.052487300431409,0.0393140159400324,1,49.3979852997635,4.79569957982055,0.00204128006164933,7760.2594063804,1,0.000321423839581301,412.464775001347,236.233462180213,-9.98580614903476
"88",14.5,28.8,21.65,28.35,5.6,0,1073.39645823499,0.0113785745848646,0.628909382834439,0.0508751598913213,0.0504772342155199,1,49.4230196236453,4.79630389571036,0.00242947974598307,7847.17088588012,1,0.000370800511588846,412.969360337517,236.233462180213,-9.98580614903476
"89",17.7,32.3,25,24.95,6.3,5.5,1094.3537293624,0.0114447406897632,0.625113303265387,0.0511704823804571,0.0564585833501496,1,49.4484780464736,4.79537290610518,0.00246888551247496,7923.44828057608,1,0.000379002187846396,413.423253357682,236.233462180213,-9.98580614903476
"90",14.6,21.8,18.2,23.75,5,2.5,1108.25514421093,0.0113374877934266,0.625809814523047,0.0506917706765531,0.045232287978104,0.881578947368421,50.0335231218447,4.84901849666572,0.0566998727023354,7963.83029904912,1,0.00760154744510163,422.089017445098,236.233462180213,-9.98580614903476
"91",12.4,24.8,18.6,28.21,5.1,0,1122.57308507462,0.0110107318220254,0.624680533561082,0.0492331880644634,0.0475060996427667,0.907894736842105,50.6285509532932,4.84800372993129,0.056977675480706,7994.75406726259,1,0.00764045882592679,432.434809932109,236.233462180213,-9.98580614903476
"92",13.9,26.3,20.1,17.25,4.2,5.5,1138.45260050048,0.0112132097699806,0.621231747802578,0.0501370400388457,0.038416228680789,1,51.0920706253614,4.82415581898288,0.0437659131025896,8020.02581179246,1,0.00658288001268352,437.885434582611,236.233462180213,-9.98580614903476
"93",16.8,24.9,20.85,12.85,2.9,1,1155.10709117719,0.0111132671523565,0.623370294885548,0.0496909110964301,0.0267640373760679,1,51.4077646952086,4.81882803867868,0.0295923280158824,8037.37486896531,1,0.00441140922172082,440.606391790568,236.233462180213,-9.98580614903476
"94",13.8,24.6,19.2,11.1,2.5,4.5,1170.05095713346,0.0113383145092415,0.622315308148567,0.0506954607225547,0.0226144949675955,0.947368421052632,51.6691980689069,4.82596379146557,0.0244181841890812,8047.50122471691,1,0.00351821680334622,442.480897703391,236.233462180213,-9.98580614903476
"95",16.6,24.2,20.4,16.74,3.8,3,1186.23644191379,0.0113512561374641,0.624689243376304,0.0507532254990377,0.0343348423314374,1,52.0613375401489,4.85063162823019,0.0365362130855218,8052.5254387178,1,0.00556299198483115,446.950873023043,236.233462180213,-9.98580614903476
"96",13.9,28.9,21.4,25.02,5,0,1203.4592314533,0.0110308327638189,0.624825578608134,0.0493229213467803,0.0464897368857377,1,52.5798790085179,4.87046808935954,0.0480324360254145,8051.49272765132,1,0.00710730019252733,455.48645626226,236.233462180213,-9.98580614903476
"97",18.6,27.9,23.25,17.6,4.9,18,1222.60766678654,0.0122569787235375,0.621444263825108,0.0547950401427983,0.0410022823649853,1,53.0209488809833,4.8577316773555,0.0404104252493107,8045.64315553578,1,0.0066428726211706,461.098355052625,236.233462180213,-9.98580614903476
"98",13.9,19.8,16.85,9.22,2.3,3.5,1235.09831503377,0.0124064903142978,0.634316807284424,0.0554620710942499,0.0190140345836225,0.792763157894737,53.2242125894765,4.84184375559353,0.0184910413855712,8039.28524835976,1,0.00243905822285445,462.177784659732,236.233462180213,-9.98580614903476
"99",13.8,22.6,18.2,18.01,4.1,0.5,1248.98624413321,0.0121818322692197,0.6358738063849,0.0544597632750337,0.0345196692270462,0.881578947368421,53.5892593111668,4.86844528905527,0.0331635483554387,8029.04797567689,1,0.00477660365200344,466.307062984816,236.233462180213,-9.98580614903476
"100",14.5,22,18.25,19.79,4.9,1,1262.92914201198,0.011948911322832,0.633533175635304,0.0534204748064813,0.0420594051613557,0.884868421052632,54.0220994837431,4.88251403146261,0.0391200681976599,8015.70654722177,1,0.00554762757364408,471.576865369572,236.233462180213,-9.98580614903476
"101",15.1,22.4,18.75,18.03,4.9,0,1277.39375781053,0.0116317432252603,0.631099785984621,0.0520050916053378,0.0432062583252956,0.917763157894737,54.4525305292476,4.88944336723582,0.0386495944272717,7998.60120837676,1,0.00553404493359018,476.366249216898,236.233462180213,-9.98580614903476
"102",16,23.7,19.85,13.61,4,0.5,1293.00395566651,0.0114169293404136,0.627775510980464,0.0510463516795461,0.0359340412841294,0.990131578947368,54.7982353955447,4.89173138407457,0.0308603978191356,7976.39294726459,1,0.00467929467171646,479.423138840037,236.233462180213,-9.98580614903476
"103",15.1,22.6,18.85,18.96,4.1,1.5,1307.58010411869,0.0112820965019384,0.625517115886179,0.0504445285015716,0.0372725778795256,0.924342105263158,55.1467729610226,4.90461460469912,0.0309980501513168,7952.31145117768,1,0.00433613140305296,483.369365307327,236.233462180213,-9.98580614903476
"104",14.6,25,19.8,21.94,4.5,4.5,1323.14395895117,0.011378667219625,0.624096778345627,0.0508755733589172,0.0405617329894698,0.986842105263158,55.5156072562032,4.91399829706459,0.032647595658141,7922.62544013798,1,0.00491733102996125,488.5479049616,236.233462180213,-9.98580614903476
"105",16.7,25.6,21.15,21.47,4.8,0.5,1340.10689710538,0.0111136536943515,0.625114278767404,0.0496926366005708,0.044297555587674,1,55.9078175865587,4.91822267161586,0.0345028266540644,7885.03972628619,1,0.00514360927983873,493.848702941031,236.233462180213,-9.98580614903476
"106",12.9,28.4,20.65,29.45,5.5,0,1356.55552087113,0.0107626017303689,0.622319390696313,0.0481254372643063,0.052413215524907,1,56.3556801482647,4.92668756368612,0.0391527332682822,7843.23712742962,1,0.0056527272258865,501.839398147544,236.233462180213,-9.98580614903476
"107",14.1,33.1,23.6,29.44,5.9,0,1376.07254423141,0.0103882666417538,0.618604595592746,0.0464540343051114,0.0582511236952657,1,56.8322042566224,4.92230750666888,0.0412723424396173,7785.32461005351,1,0.00575180043462686,509.967382377724,236.233462180213,-9.98580614903476
"108",15.2,33.5,24.35,28.57,6.9,0,1396.37594631967,0.00995329907189033,0.614628087850606,0.0445115817023969,0.0711012803474318,1,57.3861678875592,4.92418579387142,0.0475344484950702,7715.00227179495,1,0.00634750046360008,518.672090613486,236.233462180213,-9.98580614903476
"109",17.8,30.7,24.25,25.02,6.5,0,1416.5845192243,0.00954664025599892,0.609988223837117,0.0426952439105761,0.0698325954251546,1,57.8991738426241,4.91967365260754,0.0435899463371161,7633.790518506,1,0.00558325017273629,525.377350740936,236.233462180213,-9.98580614903476
"110",21.1,26.8,23.95,14.79,4.5,0,1436.4897334924,0.00926711768554661,0.605632235979999,0.0414465945526494,0.0498038847891504,1,58.2444673047574,4.9122797871242,0.0291217032819365,7541.56639267441,1,0.00362098628582695,527.94796132497,236.233462180213,-9.98580614903476
"111",18.6,24.2,21.4,16.9,4.3,6.5,1453.74937055042,0.00955689871836267,0.602628278304688,0.0427410667573744,0.0461473595171886,1,58.5515120468384,4.92421565923879,0.0258226384629155,7451.35875072625,1,0.00331106134318505,530.633894286562,236.233462180213,-9.98580614903476
"112",17.2,25.3,21.25,19.19,4.8,0,1470.84792441614,0.00925868710932034,0.60574233086723,0.0414089324730726,0.0531725164156489,1,58.8951438807724,4.93855838577365,0.0288146995366661,7350.76212588019,1,0.00357955784203705,533.931096606019,236.233462180213,-9.98580614903476
"113",15.2,26.3,20.75,25.57,5.3,0,1487.43187701504,0.00893115387399811,0.602537555545611,0.0399456467354677,0.0608644472213534,1,59.2713555250427,4.95228046940483,0.031433490288503,7241.56629453154,1,0.00376689329618188,538.554430762021,236.233462180213,-9.98580614903476
"114",15.7,29.7,22.7,25.63,5.3,0,1506.04965355749,0.00860553953077903,0.599007518186037,0.0384907639637133,0.0631674215946033,1,59.6420525260986,4.95839600506231,0.0308182306153814,7102.69786137351,1,0.00355865172118779,542.932426455495,236.233462180213,-9.98580614903476
"115",18.2,30.4,24.3,23.75,5.3,9,1526.33845205713,0.00905106915855368,0.595487948905136,0.0404813998365474,0.0600580698332225,1,59.9759678722138,4.96279699377455,0.0276303015135386,6929.68073233139,1,0.00335553984952175,546.75774188395,236.233462180213,-9.98580614903476
"116",19,22.3,20.65,7.51,2,1.5,1542.82197475649,0.0090561355921847,0.600301136048756,0.0405040349521939,0.0226507435804326,1,60.097505079301,4.95264472139759,0.0100159001000018,6773.07754672462,1,0.00121705310318447,547.196465186585,236.233462180213,-9.98580614903476
"117",14.3,27.9,21.1,21.88,4.4,0,1559.77339486624,0.00878520581291268,0.600355760886861,0.0392935543923809,0.0513684096755875,1,60.3672205646297,4.97255819161817,0.0222169570411464,6593.51475165759,1,0.00261894962978843,549.946990845774,236.233462180213,-9.98580614903476
"118",18.7,28.1,23.4,25.91,5.7,0,1579.12217282833,0.00843593834028492,0.597431203179079,0.0377329010788672,0.0693005758261196,1,60.7142538378687,4.9866211946118,0.0285027545622212,6362.21751286743,1,0.00322647485511456,553.959693093583,236.233462180213,-9.98580614903476
"119",17.1,25.6,21.35,13.06,3.5,7,1596.34468074514,0.00882112352119698,0.593650805554472,0.0394540369548599,0.0406948568526164,1,60.9066244945149,4.9813722015385,0.0157334255405258,6133.82785740798,1,0.00186224145810733,555.127095018842,236.233462180213,-9.98580614903476
"120",14.6,22.8,18.7,16.28,4,0.5,1610.80371188857,0.00861859935520411,0.597819321274304,0.0385491199615215,0.0476012857017989,0.914473684210526,61.6952141124292,5.03971139947324,0.064417704745559,5925.24122514061,1,0.0068125888830722,560.45072447563,236.233462180213,-9.98580614903476
"121",16.5,25.7,21.1,18.59,4.3,0,1627.76283612219,0.00835591155936282,0.595629304523856,0.0373752862980601,0.0527800752667698,1,62.5391774335669,5.08045080654208,0.068560449809578,5656.86533216884,1,0.00768739932107027,567.310344637807,236.233462180213,-9.98580614903476
"122",14.1,27.9,21,26.54,5.1,0,1644.62252761315,0.00804584043583422,0.592783030275262,0.035989585356895,0.0650120925524779,1,63.5381227298002,5.12531036721119,0.0805800433360886,5366.57291479127,1,0.00870012704311938,578.393610480578,236.233462180213,-9.98580614903476
"123",14.4,28.5,21.45,18.84,3.9,10,1661.95615108795,0.00866477515835529,0.589415330449463,0.0387554479648224,0.0461639214739793,1,64.2142013062741,5.12204348146879,0.0539273835871975,5044.29955878544,1,0.00626993972547796,584.063642373122,236.233462180213,-9.98580614903476
"124",17.9,26.7,22.3,18.6,4,0.5,1680.16292539011,0.00846294446972903,0.59612897019318,0.0378535808909448,0.0484767933576606,1,64.9102576941973,5.14835198409638,0.0552076576662196,4681.85761681748,1,0,584.063642373122,236.233462180213,-9.98580614903476
"125",15.1,28.4,21.75,23.42,4.6,3,1697.80119112955,0.00843913522089217,0.593943516556391,0.0377471867433343,0.0559055945242923,1,65.6842453680695,5.20974075557868,0.0613887714822982,4312.82638246143,1,0,584.063642373122,236.233462180213,-9.98580614903476
"126",17.7,23.9,20.8,13.71,3,5,1714.45129439511,0.00868381319931311,0.593685459020813,0.0388405149550897,0.0354328565838618,1,66.1568199016929,5.24722296754702,0.0374822119683401,3953.5781717819,1,0,584.063642373122,236.233462180213,-9.98580614903476
"127",17.5,26.4,21.95,26.15,5.3,0,1732.2935800043,0.00835965165210246,0.59633492175545,0.0373919998226155,0.0650254061068478,1,67.0063833091213,5.31460602239261,0.0673830548455914,3563.3787216442,1,0,584.063642373122,236.233462180213,-9.98580614903476
"128",13.1,27.3,20.2,21.9,4.3,0,1748.32063166163,0.00809820124427586,0.592823599141708,0.0362235945009481,0.0544597037937747,1,67.6838869092864,5.3683421671569,0.0537361447642847,3215.4682935835,1,0,584.063642373122,236.233462180213,-9.98580614903476
"129",17.4,28.4,22.9,16.61,3.7,0,1767.16275949617,0.00787430964420808,0.589984621800234,0.0352229582708645,0.0481930729973656,1,68.2584585017891,5.41391426782861,0.0455721006717122,2819.68091117976,1,0,584.063642373122,236.233462180213,-9.98580614903476
"130",16.9,31.7,24.3,22.01,5.1,13.5,1787.46703953802,0.00872082263373973,0.587548696483604,0.0390058812611398,0.0599802272154013,1,68.9469596229152,5.46852268010301,0.0546084122743975,2420.21797877486,1,0,584.063642373122,236.233462180213,-9.98580614903476
"131",17.1,26.9,22,17.81,4,0,1805.36065501328,0.00847600819730612,0.596735188806921,0.037911957175385,0.0484020780426805,1,69.4889890605839,5.51151370232337,0.0429910222203612,2095.99019865242,1,0,584.063642373122,236.233462180213,-9.98580614903476
"132",19.7,30.7,25.2,21.87,5.3,4,1826.58872143726,0.00849494997946347,0.594085086282869,0.0379965995449523,0.0639897521355477,1,70.1776124427299,5.56613181172094,0.0546181093975744,1757.78790856449,1,0,584.063642373122,236.233462180213,-9.98580614903476
"133",18.2,23,20.6,14.85,3.7,0,1843.02974271925,0.0082694244191486,0.594290327856758,0.0369887914209086,0.0458903982009247,1,70.6508091156773,5.60366336862084,0.0375315568998964,1525.47808200491,1,0,584.063642373122,236.233462180213,-9.98580614903476
"134",15.5,24.9,20.2,19.27,3.8,5.5,1859.0583021114,0.00850884226953405,0.5918445505461,0.0380586776417755,0.0458045380790602,1,71.1064787011474,5.6398047659559,0.0361413973350596,1327.18611642394,1,0,584.063642373122,236.233462180213,-9.98580614903476
"135",16.2,22.6,19.4,20.09,4.5,0.5,1874.25041849189,0.00827722000367613,0.594440835284763,0.0370236288877384,0.0557600814444319,0.960526315789474,71.6463024492495,5.68262084408175,0.0428160781258546,1163.51808019143,1,0,584.063642373122,236.233462180213,-9.98580614903476
"136",14.6,24.3,19.45,18.92,4.3,0,1889.49824225973,0.00801616406260336,0.591929168711511,0.0358569549650889,0.0550170427627715,0.963815789473684,72.1568141546844,5.72311203984872,0.0404911957669666,1022.18387853036,1,0,584.063642373122,236.233462180213,-9.98580614903476
"137",14.2,21.7,17.95,14.45,3.2,2,1903.18858553217,0.00799376103157916,0.589092568485171,0.0357568299397972,0.0410576607067138,0.865131578947368,72.5221407398495,5.7520878892197,0.0289758493709728,912.235049281304,1,0,584.063642373122,236.233462180213,-9.98580614903476
"138",13.1,23.3,18.2,19.86,4,0,1917.13952805844,0.00775218201168488,0.588848860992327,0.0346771047071202,0.052921410983131,0.881578947368421,72.9794189232013,5.78835687236923,0.0362689831495389,816.077288708538,1,0,584.063642373122,236.233462180213,-9.98580614903476
"139",9.9,26.2,18.05,26.11,4.3,0,1930.93778902471,0.0074936447813007,0.586218138661793,0.0335214959931025,0.0588532888730136,0.87171052631579,73.4675959732622,5.82707659670174,0.0387197243325113,734.831494203674,1,0,584.063642373122,236.233462180213,-9.98580614903476
"140",10.8,26.7,18.75,21.68,3.9,1.5,1945.46894980509,0.00738849099348462,0.583397290053026,0.033051454180377,0.0541382537182127,0.917763157894737,73.8967864176334,5.86111780304302,0.0340412063412717,662.753467905764,1,0,584.063642373122,236.233462180213,-9.98580614903476
"141",16.8,22.2,19.5,10.4,2.9,0,1960.78304465305,0.00721530941728345,0.582248402745299,0.0322772935474911,0.0412228887542125,0.967105263157895,74.2107168916327,5.88601717389896,0.0248993708559489,599.673838972539,1,0,584.063642373122,236.233462180213,-9.98580614903476
"142",11.9,21.4,16.65,14.49,3,0,1973.13032478738,0.00703673885819989,0.580354317021583,0.0314790023999663,0.0437265491718163,0.779605263157895,74.5330783611403,5.91158524850058,0.0255680746016181,556.04186521577,1,0,584.063642373122,236.233462180213,-9.98580614903476
"143",12.3,24.2,18.25,21.93,4,0,1987.14737838725,0.0067994470385048,0.578398810506786,0.0304181386912079,0.0603367314920105,0.884868421052632,74.9625112046201,5.9456456807081,0.0340604322075154,514.546314346266,1,0,584.063642373122,236.233462180213,-9.98580614903476
"144",12,21.7,16.85,9.27,2,3,1999.70854365965,0.00693774520169659,0.575796454440019,0.031036438622039,0.0295669845410353,0.792763157894737,75.1635901023739,5.96159423766943,0.0159485569613273,482.89354320146,1,0,584.063642373122,236.233462180213,-9.98580614903476
"145",14.7,23.4,19.05,20.13,4.1,0,2014.5608716693,0.00669497739887699,0.577313677436853,0.0299510630078805,0.0628101926951026,0.9375,75.5815810060663,5.99474715332256,0.0331529156531377,452.01956608482,1,0,584.063642373122,236.233462180213,-9.98580614903476
"146",12.9,24.7,18.8,23.38,4.1,0,2029.15636250469,0.00645332995749231,0.574649403292832,0.0288706261978822,0.0651621447040075,0.921052631578947,75.9944444776854,6.02749338710406,0.0327462337814928,426.971342081698,1,0,584.063642373122,236.233462180213,-9.98580614903476
"147",14.4,30,22.2,21.75,4.5,0,2047.30109449048,0.00618933313674643,0.571993111616063,0.0276901854129774,0.0745699821517573,1,76.441962944231,6.06298827908267,0.0354948919786141,402.491480600424,1,0,584.063642373122,236.233462180213,-9.98580614903476
"148",16.5,25.8,21.15,18.64,3.8,12.5,2064.35563822566,0.00703591142851552,0.569086400504772,0.0314753033208526,0.0553934758422365,1,76.7555508145258,6.08786047635274,0.0248721972700672,384.176376057136,1,0,584.063642373122,236.233462180213,-9.98580614903476
"149",18.4,26.5,22.45,15.71,3.5,1,2082.74978032813,0.00691375442652503,0.578389743640173,0.0309291829605947,0.0519217688145145,1,77.0415160164811,6.11054178385586,0.0226813075031259,368.739275445297,1,0,584.063642373122,236.233462180213,-9.98580614903476
"150",14.2,30.5,22.35,22.96,4.3,0,2101.04205654908,0.00665926032177294,0.577050586356473,0.0297913717063296,0.0662274216227402,1,77.3901059634865,6.13819016808746,0.0276483842315986,356.754445919464,1,0,584.063642373122,236.233462180213,-9.98580614903476
"151",17.9,23.1,20.5,8.52,2.3,0.5,2117.41047297519,0.00656652959805798,0.574257053429349,0.0293767649124994,0.0359242172558243,1,77.5690830143151,6.15238571879814,0.0141955507106775,348.170299625539,1,0,584.063642373122,236.233462180213,-9.98580614903476
"152",18.4,26,22.2,15.25,3.5,0,2135.55303889567,0.00636075186281844,0.573237976738734,0.0284566796103998,0.0564358375733428,1,77.8401395103068,6.17388454346027,0.0214988246621286,340.740425248536,1,0,584.063642373122,236.233462180213,-9.98580614903476
"153",15.6,26.6,21.1,23.21,4.7,0,2152.55235071408,0.0060855129480178,0.57097434453324,0.0272259403562241,0.0792129252158272,1,78.201855361033,6.20257400771319,0.0286894642529182,335.222681157508,1,0,584.063642373122,236.233462180213,-9.98580614903476
"154",14.4,26.2,20.3,23.56,4.5,0,2168.72204064282,0.00582338587965291,0.567941981457253,0.0260537543295678,0.0792560326718329,1,78.5408339016739,6.22946006400488,0.0268860562916966,331.017490202316,1,0,584.063642373122,236.233462180213,-9.98580614903476
"155",11.4,26.7,19.05,23.47,4.1,0,2183.59184534874,0.00558577539251162,0.565049329177463,0.024991140133074,0.0752828015742571,0.9375,78.8426964720614,6.25340227003494,0.0239422060300581,327.864308575997,1,0,584.063642373122,236.233462180213,-9.98580614903476
"156",9.9,28.6,19.25,23.44,4,0,2198.67414355518,0.00535503759290259,0.562423386547006,0.0239592071053472,0.0766113034948909,0.950657894736842,79.1311366422852,6.27627987945164,0.0228776094166962,325.264649836242,1,0,584.063642373122,236.233462180213,-9.98580614903476
"157",12.7,27,19.85,15.83,3.1,2,2214.38653913959,0.00534796780126884,0.559870043579278,0.0239275879250291,0.059452249857092,0.990131578947368,79.3408129721854,6.29291034106751,0.0166304616158739,323.082641023953,1,0,584.063642373122,236.233462180213,-9.98580614903476
"158",17.6,27,22.3,19.25,3.8,0,2232.65690356212,0.00512979255177965,0.559791758557777,0.0229517901778109,0.0759764816626703,1,79.5938724160005,6.31298173095164,0.0200713898841308,321.108942640512,1,0,584.063642373122,236.233462180213,-9.98580614903476
"159",13.2,29,21.1,18.81,3.5,2,2249.6783832529,0.0051006495965757,0.557374422830046,0.0228214437643304,0.0703781650116398,1,79.8124728667418,6.33032000851018,0.0173382775585397,319.654354003532,1,0,584.063642373122,236.233462180213,-9.98580614903476
"160",15.4,32.1,23.75,20.74,4.6,1,2269.46777100797,0.00492330572755205,0.557051316589998,0.0220282290793328,0.0958288795990446,1,80.0894533356978,6.35228869262207,0.0219686841118926,318.366488050253,1,0,584.063642373122,236.233462180213,-9.98580614903476
"161",18.7,25.9,22.3,12.76,2.9,0,2287.74637386042,0.00475820379478223,0.555084084312316,0.0212897445581721,0.0625101215214995,1,80.2548229225801,6.36540496840003,0.0131162757779539,317.441809276365,1,0,584.063642373122,236.233462180213,-9.98580614903476
"162",14.6,29.2,21.9,18.55,3.5,0,2305.61031448879,0.00455960083777454,0.55325109452141,0.0204013825785667,0.0787293387614973,1,80.4489731281318,6.38080397668426,0.0153990082842281,316.735352630697,1,0,584.063642373122,236.233462180213,-9.98580614903476
"163",14.6,30.4,22.5,21.1,3.9,0,2324.10496615689,0.00433918313565068,0.551044255309652,0.019415404383248,0.0921832491266856,1,80.6576163883579,6.39735250046018,0.0165485237759234,316.168593854474,1,0,584.063642373122,236.233462180213,-9.98580614903476
"164",13.7,29.7,21.7,21.16,4.2,0,2341.76784455595,0.0041028662960843,0.548592663279108,0.018358263854656,0.104992266304254,1,80.8736880001485,6.41449020335623,0.0171377028960487,315.744361775903,1,0,584.063642373122,236.233462180213,-9.98580614903476
"165",14.4,27.5,20.95,21.21,4.1,0.5,2358.65111654951,0.00391601748066822,0.545961613895951,0.01752238457317,0.107382774103721,1,81.0727903936528,6.43028199403846,0.0157917906822272,315.423119992817,1,0,584.063642373122,236.233462180213,-9.98580614903476
"166",9.3,27.6,18.45,21.58,3.5,0,2372.9237210403,0.00372077868797852,0.543879493921308,0.0166489460800929,0.0964782883040506,0.898026315789474,81.2347775684658,6.44312999406914,0.0128480000306791,315.20009560618,1,0,584.063642373122,236.233462180213,-9.98580614903476
"167",10.1,28.2,19.15,15.02,2.9,0,2387.93137832154,0.00355965699517677,0.54170224304039,0.0159281178342845,0.083557460125769,0.944078947368421,81.3617472834756,6.45320058702951,0.0100705929603711,315.009451083975,1,0,584.063642373122,236.233462180213,-9.98580614903476
"168",14.9,27.2,21.05,14.49,3,0,2404.92903391038,0.00339353260963088,0.539904253024122,0.015184891151216,0.090670208036037,1,81.4856002059237,6.46302397183297,0.00982338480346027,314.838662973681,1,0,584.063642373122,236.233462180213,-9.98580614903476
